,cvalue
2020-12-12 00:00:00,-0.04999999999999982
2020-12-12 01:00:00,-0.04999999999999982
2020-12-12 02:00:00,0.03000000000000025
2020-12-12 03:00:00,0.10999999999999943
2020-12-12 04:00:00,0.1200000000000001
2020-12-12 05:00:00,0.08999999999999986
2020-12-12 06:00:00,0.10999999999999943
2020-12-12 07:00:00,0.08999999999999986
2020-12-12 08:00:00,0.08999999999999986
2020-12-12 09:00:00,0.08000000000000007
2020-12-12 10:00:00,0.04999999999999982
2020-12-12 11:00:00,0.08999999999999986
2020-12-12 12:00:00,0.08000000000000007
2020-12-12 13:00:00,0.10999999999999943
2020-12-12 14:00:00,0.09999999999999964
2020-12-12 15:00:00,0.14999999999999947
2020-12-12 16:00:00,0.14999999999999947
2020-12-12 17:00:00,0.1299999999999999
2020-12-12 18:00:00,0.08999999999999986
2020-12-12 19:00:00,0.1200000000000001
2020-12-12 20:00:00,0.1299999999999999
2020-12-12 21:00:00,0.10999999999999943
2020-12-12 22:00:00,0.1299999999999999
2020-12-12 23:00:00,0.14999999999999947
2020-12-13 00:00:00,0.1200000000000001
2020-12-13 01:00:00,0.1899999999999995
2020-12-13 02:00:00,0.16999999999999993
2020-12-13 03:00:00,0.1299999999999999
2020-12-13 04:00:00,0.20999999999999996
2020-12-13 05:00:00,0.28000000000000025
2020-12-13 06:00:00,0.25
2020-12-13 07:00:00,0.33000000000000007
2020-12-13 08:00:00,0.3200000000000003
2020-12-13 09:00:00,0.2999999999999998
2020-12-13 10:00:00,0.3200000000000003
2020-12-13 11:00:00,0.3200000000000003
2020-12-13 12:00:00,0.3099999999999996
2020-12-13 13:00:00,0.3200000000000003
2020-12-13 14:00:00,0.3200000000000003
2020-12-13 15:00:00,0.2699999999999996
2020-12-13 16:00:00,0.2699999999999996
2020-12-13 17:00:00,0.29000000000000004
2020-12-13 18:00:00,0.2999999999999998
2020-12-13 19:00:00,0.33000000000000007
2020-12-13 20:00:00,0.3200000000000003
2020-12-13 21:00:00,0.33000000000000007
2020-12-13 22:00:00,0.3099999999999996
2020-12-13 23:00:00,0.3200000000000003
2020-12-14 00:00:00,0.4299999999999997
2020-12-14 01:00:00,0.41999999999999993
2020-12-14 02:00:00,0.5499999999999998
2020-12-14 03:00:00,0.5199999999999996
2020-12-14 04:00:00,0.4399999999999995
2020-12-14 05:00:00,0.41999999999999993
2020-12-14 06:00:00,0.41999999999999993
2020-12-14 07:00:00,0.3899999999999997
2020-12-14 08:00:00,0.34999999999999964
2020-12-14 09:00:00,0.34999999999999964
2020-12-14 10:00:00,0.3899999999999997
2020-12-14 11:00:00,0.41999999999999993
2020-12-14 12:00:00,0.4299999999999997
2020-12-14 13:00:00,0.45999999999999996
2020-12-14 14:00:00,0.48999999999999977
2020-12-14 15:00:00,0.43999999999999995
2020-12-14 16:00:00,0.44999999999999973
2020-12-14 17:00:00,0.45999999999999996
2020-12-14 18:00:00,0.4099999999999997
2020-12-14 19:00:00,0.43999999999999995
2020-12-14 20:00:00,0.41999999999999993
2020-12-14 21:00:00,0.4099999999999997
2020-12-14 22:00:00,0.4099999999999997
2020-12-14 23:00:00,0.3899999999999997
2020-12-15 00:00:00,0.4299999999999997
2020-12-15 01:00:00,0.3899999999999997
2020-12-15 02:00:00,0.41999999999999993
2020-12-15 03:00:00,0.36999999999999966
2020-12-15 04:00:00,0.33999999999999986
2020-12-15 05:00:00,0.41999999999999993
2020-12-15 06:00:00,0.48
2020-12-15 07:00:00,0.43999999999999995
2020-12-15 08:00:00,0.43999999999999995
2020-12-15 09:00:00,0.45999999999999996
2020-12-15 10:00:00,0.4299999999999997
2020-12-15 11:00:00,0.3999999999999999
2020-12-15 12:00:00,0.4099999999999997
2020-12-15 13:00:00,0.3899999999999997
2020-12-15 14:00:00,0.44999999999999973
2020-12-15 15:00:00,0.46999999999999975
2020-12-15 16:00:00,0.5
2020-12-15 17:00:00,0.5199999999999998
2020-12-15 18:00:00,0.5699999999999998
2020-12-15 19:00:00,0.5599999999999998
2020-12-15 20:00:00,0.5199999999999998
2020-12-15 21:00:00,0.5199999999999998
2020-12-15 22:00:00,0.5799999999999998
2020-12-15 23:00:00,0.5599999999999998
2020-12-16 00:00:00,0.5599999999999998
2020-12-16 01:00:00,0.6099999999999999
2020-12-16 02:00:00,0.6399999999999997
2020-12-16 03:00:00,0.6399999999999997
2020-12-16 04:00:00,0.6499999999999997
2020-12-16 05:00:00,0.6599999999999997
2020-12-16 06:00:00,0.5999999999999999
2020-12-16 07:00:00,0.6299999999999999
2020-12-16 08:00:00,0.6799999999999997
2020-12-16 09:00:00,0.6799999999999997
2020-12-16 10:00:00,0.6899999999999997
2020-12-16 11:00:00,0.6999999999999997
2020-12-16 12:00:00,0.7099999999999997
2020-12-16 13:00:00,0.7199999999999998
2020-12-16 14:00:00,0.6799999999999997
2020-12-16 15:00:00,0.7099999999999997
2020-12-16 16:00:00,0.7099999999999997
2020-12-16 17:00:00,0.7199999999999998
2020-12-16 18:00:00,0.7199999999999998
2020-12-16 19:00:00,0.7299999999999998
2020-12-16 20:00:00,0.6799999999999997
2020-12-16 21:00:00,0.6799999999999997
2020-12-16 22:00:00,0.6899999999999997
2020-12-16 23:00:00,0.7099999999999997
2020-12-17 00:00:00,0.7099999999999997
2020-12-17 01:00:00,0.7299999999999998
2020-12-17 02:00:00,0.7499999999999998
2020-12-17 03:00:00,0.7299999999999998
2020-12-17 04:00:00,0.7399999999999998
2020-12-17 05:00:00,0.7599999999999998
2020-12-17 06:00:00,0.8699999999999999
2020-12-17 07:00:00,0.8699999999999999
2020-12-17 08:00:00,0.8499999999999999
2020-12-17 09:00:00,0.8899999999999997
2020-12-17 10:00:00,0.8899999999999997
2020-12-17 11:00:00,0.8899999999999997
2020-12-17 12:00:00,0.8899999999999997
2020-12-17 13:00:00,0.8899999999999997
2020-12-17 14:00:00,0.9499999999999997
2020-12-17 15:00:00,0.9399999999999997
2020-12-17 16:00:00,0.9299999999999997
2020-12-17 17:00:00,0.9799999999999998
2020-12-17 18:00:00,0.9999999999999998
2020-12-17 19:00:00,1.0499999999999998
2020-12-17 20:00:00,1.0499999999999998
2020-12-17 21:00:00,1.1099999999999999
2020-12-17 22:00:00,1.1099999999999999
2020-12-17 23:00:00,1.0899999999999999
2020-12-18 00:00:00,1.1399999999999997
2020-12-18 01:00:00,1.1399999999999997
2020-12-18 02:00:00,1.1199999999999999
2020-12-18 03:00:00,1.1599999999999997
2020-12-18 04:00:00,1.1199999999999999
2020-12-18 05:00:00,1.1199999999999999
2020-12-18 06:00:00,1.0499999999999998
2020-12-18 07:00:00,1.0299999999999998
2020-12-18 08:00:00,1.0299999999999998
2020-12-18 09:00:00,1.0199999999999998
2020-12-18 10:00:00,1.0299999999999998
2020-12-18 11:00:00,1.0499999999999998
2020-12-18 12:00:00,1.0599999999999998
2020-12-18 13:00:00,1.0699999999999998
2020-12-18 14:00:00,1.13
2020-12-18 15:00:00,1.0999999999999999
2020-12-18 16:00:00,1.0799999999999998
2020-12-18 17:00:00,1.0599999999999998
2020-12-18 18:00:00,1.0299999999999998
2020-12-18 19:00:00,1.0799999999999998
2020-12-18 20:00:00,1.0999999999999999
2020-12-18 21:00:00,1.1899999999999997
2020-12-18 22:00:00,1.2599999999999998
2020-12-18 23:00:00,1.1799999999999997
2020-12-19 00:00:00,1.2099999999999997
2020-12-19 01:00:00,1.2499999999999998
2020-12-19 02:00:00,1.2899999999999998
2020-12-19 03:00:00,1.3099999999999998
2020-12-19 04:00:00,1.3399999999999999
2020-12-19 05:00:00,1.2999999999999998
2020-12-19 06:00:00,1.3499999999999999
2020-12-19 07:00:00,1.3999999999999997
2020-12-19 08:00:00,1.3699999999999999
2020-12-19 09:00:00,1.3999999999999997
2020-12-19 10:00:00,1.4099999999999997
2020-12-19 11:00:00,1.4199999999999997
2020-12-19 12:00:00,1.4299999999999997
2020-12-19 13:00:00,1.4299999999999997
2020-12-19 14:00:00,1.3499999999999999
2020-12-19 15:00:00,1.3699999999999999
2020-12-19 16:00:00,1.4099999999999997
2020-12-19 17:00:00,1.4099999999999997
2020-12-19 18:00:00,1.38
2020-12-19 19:00:00,1.3199999999999998
2020-12-19 20:00:00,1.3099999999999998
2020-12-19 21:00:00,1.2399999999999998
2020-12-19 22:00:00,1.2099999999999997
2020-12-19 23:00:00,1.2499999999999998
2020-12-20 00:00:00,1.2399999999999998
2020-12-20 01:00:00,1.2399999999999998
2020-12-20 02:00:00,1.2199999999999998
2020-12-20 03:00:00,1.1599999999999997
2020-12-20 04:00:00,1.1499999999999997
2020-12-20 05:00:00,1.1699999999999997
2020-12-20 06:00:00,1.1799999999999997
2020-12-20 07:00:00,1.2099999999999997
2020-12-20 08:00:00,1.2299999999999998
2020-12-20 09:00:00,1.2199999999999998
2020-12-20 10:00:00,1.2699999999999998
2020-12-20 11:00:00,1.2599999999999998
2020-12-20 12:00:00,1.2699999999999998
2020-12-20 13:00:00,1.2999999999999998
2020-12-20 14:00:00,1.3699999999999999
2020-12-20 15:00:00,1.38
2020-12-20 16:00:00,1.3699999999999999
2020-12-20 17:00:00,1.4299999999999997
2020-12-20 18:00:00,1.4699999999999998
2020-12-20 19:00:00,1.4399999999999997
2020-12-20 20:00:00,1.4799999999999998
2020-12-20 21:00:00,1.4699999999999998
2020-12-20 22:00:00,1.4799999999999998
2020-12-20 23:00:00,1.4399999999999997
2020-12-21 00:00:00,1.4699999999999998
2020-12-21 01:00:00,1.4999999999999998
2020-12-21 02:00:00,1.5499999999999998
2020-12-21 03:00:00,1.6799999999999997
2020-12-21 04:00:00,1.7599999999999998
2020-12-21 05:00:00,1.7499999999999998
2020-12-21 06:00:00,1.7799999999999998
2020-12-21 07:00:00,1.7899999999999998
2020-12-21 08:00:00,1.8199999999999998
2020-12-21 09:00:00,1.8199999999999998
2020-12-21 10:00:00,1.8499999999999996
2020-12-21 11:00:00,1.8399999999999999
2020-12-21 12:00:00,1.8099999999999998
2020-12-21 13:00:00,1.8099999999999998
2020-12-21 14:00:00,1.7899999999999998
2020-12-21 15:00:00,1.7699999999999998
2020-12-21 16:00:00,1.8199999999999998
2020-12-21 17:00:00,1.8299999999999996
2020-12-21 18:00:00,1.8499999999999996
2020-12-21 19:00:00,1.88
2020-12-21 20:00:00,1.8699999999999997
2020-12-21 21:00:00,1.9
2020-12-21 22:00:00,1.94
2020-12-21 23:00:00,1.9899999999999998
2020-12-22 00:00:00,1.9899999999999998
2020-12-22 01:00:00,1.9899999999999998
2020-12-22 02:00:00,1.94
2020-12-22 03:00:00,1.8699999999999997
2020-12-22 04:00:00,1.7899999999999998
2020-12-22 05:00:00,1.7499999999999998
2020-12-22 06:00:00,1.7499999999999998
2020-12-22 07:00:00,1.7599999999999998
2020-12-22 08:00:00,1.7699999999999998
2020-12-22 09:00:00,1.7999999999999998
2020-12-22 10:00:00,1.7499999999999998
2020-12-22 11:00:00,1.7599999999999998
2020-12-22 12:00:00,1.7899999999999998
2020-12-22 13:00:00,1.7999999999999998
2020-12-22 14:00:00,1.7699999999999998
2020-12-22 15:00:00,1.7499999999999998
2020-12-22 16:00:00,1.7399999999999998
2020-12-22 17:00:00,1.7699999999999998
2020-12-22 18:00:00,1.7699999999999998
2020-12-22 19:00:00,1.7599999999999998
2020-12-22 20:00:00,1.7799999999999998
2020-12-22 21:00:00,1.7799999999999998
2020-12-22 22:00:00,1.7999999999999998
2020-12-22 23:00:00,1.7799999999999998
2020-12-23 00:00:00,1.7999999999999998
2020-12-23 01:00:00,1.8299999999999998
2020-12-23 02:00:00,1.8199999999999998
2020-12-23 03:00:00,1.7999999999999998
2020-12-23 04:00:00,1.8299999999999998
2020-12-23 05:00:00,1.8699999999999997
2020-12-23 06:00:00,1.9099999999999997
2020-12-23 07:00:00,1.9099999999999997
2020-12-23 08:00:00,1.8899999999999997
2020-12-23 09:00:00,1.8599999999999999
2020-12-23 10:00:00,1.9099999999999997
2020-12-23 11:00:00,1.8699999999999997
2020-12-23 12:00:00,1.8699999999999997
2020-12-23 13:00:00,1.9599999999999997
2020-12-23 14:00:00,1.9799999999999998
2020-12-23 15:00:00,2.03
2020-12-23 16:00:00,2.0199999999999996
2020-12-23 17:00:00,2.01
2020-12-23 18:00:00,2.03
2020-12-23 19:00:00,2.05
2020-12-23 20:00:00,2.03
2020-12-23 21:00:00,2.01
2020-12-23 22:00:00,2.01
2020-12-23 23:00:00,1.9699999999999998
2020-12-24 00:00:00,1.9399999999999997
2020-12-24 01:00:00,1.9099999999999997
2020-12-24 02:00:00,1.8999999999999997
2020-12-24 03:00:00,1.8599999999999999
2020-12-24 04:00:00,1.8399999999999999
2020-12-24 05:00:00,1.8199999999999998
2020-12-24 06:00:00,1.7899999999999998
2020-12-24 07:00:00,1.7799999999999998
2020-12-24 08:00:00,1.7799999999999998
2020-12-24 09:00:00,1.7699999999999998
2020-12-24 10:00:00,1.7599999999999998
2020-12-24 11:00:00,1.7799999999999998
2020-12-24 12:00:00,1.7999999999999998
2020-12-24 13:00:00,1.7899999999999998
2020-12-24 14:00:00,1.7799999999999998
2020-12-24 15:00:00,1.7999999999999998
2020-12-24 16:00:00,1.7799999999999998
2020-12-24 17:00:00,1.8199999999999998
2020-12-24 18:00:00,1.8099999999999998
2020-12-24 19:00:00,1.7999999999999998
2020-12-24 20:00:00,1.7899999999999998
2020-12-24 21:00:00,1.7999999999999998
2020-12-24 22:00:00,1.7899999999999998
2020-12-24 23:00:00,1.8099999999999998
2020-12-25 00:00:00,1.7999999999999998
2020-12-25 01:00:00,1.7999999999999998
2020-12-25 02:00:00,1.8199999999999998
2020-12-25 03:00:00,1.8599999999999999
2020-12-25 04:00:00,1.8599999999999999
2020-12-25 05:00:00,1.8099999999999998
2020-12-25 06:00:00,1.8299999999999998
2020-12-25 07:00:00,1.8199999999999998
2020-12-25 08:00:00,1.7699999999999998
2020-12-25 09:00:00,1.8199999999999998
2020-12-25 10:00:00,1.8299999999999998
2020-12-25 11:00:00,1.7999999999999998
2020-12-25 12:00:00,1.8199999999999998
2020-12-25 13:00:00,1.7899999999999998
2020-12-25 14:00:00,1.8299999999999998
2020-12-25 15:00:00,1.8199999999999998
2020-12-25 16:00:00,1.7999999999999998
2020-12-25 17:00:00,1.8499999999999999
2020-12-25 18:00:00,1.8199999999999998
2020-12-25 19:00:00,1.8199999999999998
2020-12-25 20:00:00,1.8299999999999998
2020-12-25 21:00:00,1.8599999999999999
2020-12-25 22:00:00,1.8699999999999997
2020-12-25 23:00:00,1.8599999999999999
2020-12-26 00:00:00,1.9299999999999997
2020-12-26 01:00:00,1.8999999999999997
2020-12-26 02:00:00,1.8699999999999997
2020-12-26 03:00:00,1.88
2020-12-26 04:00:00,1.8699999999999997
2020-12-26 05:00:00,1.8599999999999999
2020-12-26 06:00:00,1.8499999999999999
2020-12-26 07:00:00,1.8199999999999998
2020-12-26 08:00:00,1.8099999999999998
2020-12-26 09:00:00,1.8299999999999998
2020-12-26 10:00:00,1.7999999999999998
2020-12-26 11:00:00,1.7999999999999998
2020-12-26 12:00:00,1.8199999999999998
2020-12-26 13:00:00,1.8099999999999998
2020-12-26 14:00:00,1.8099999999999998
2020-12-26 15:00:00,1.8199999999999998
2020-12-26 16:00:00,1.7999999999999998
2020-12-26 17:00:00,1.8099999999999998
2020-12-26 18:00:00,1.8299999999999998
2020-12-26 19:00:00,1.8499999999999999
2020-12-26 20:00:00,1.8599999999999999
2020-12-26 21:00:00,1.8299999999999998
2020-12-26 22:00:00,1.8199999999999998
2020-12-26 23:00:00,1.8399999999999999
2020-12-27 00:00:00,1.8099999999999998
2020-12-27 01:00:00,1.8299999999999998
2020-12-27 02:00:00,1.8299999999999998
2020-12-27 03:00:00,1.7999999999999998
2020-12-27 04:00:00,1.7999999999999998
2020-12-27 05:00:00,1.7999999999999998
2020-12-27 06:00:00,1.8399999999999999
2020-12-27 07:00:00,1.8899999999999997
2020-12-27 08:00:00,1.9399999999999997
2020-12-27 09:00:00,1.9499999999999997
2020-12-27 10:00:00,1.9599999999999997
2020-12-27 11:00:00,1.9799999999999998
2020-12-27 12:00:00,1.9799999999999998
2020-12-27 13:00:00,1.9599999999999997
2020-12-27 14:00:00,1.9599999999999997
2020-12-27 15:00:00,1.9699999999999998
2020-12-27 16:00:00,1.9899999999999998
2020-12-27 17:00:00,1.9699999999999998
2020-12-27 18:00:00,1.9599999999999997
2020-12-27 19:00:00,1.9499999999999997
2020-12-27 20:00:00,1.9599999999999997
2020-12-27 21:00:00,1.9199999999999997
2020-12-27 22:00:00,1.9399999999999997
2020-12-27 23:00:00,1.9499999999999997
2020-12-28 00:00:00,1.9499999999999997
2020-12-28 01:00:00,1.9299999999999997
2020-12-28 02:00:00,1.9199999999999997
2020-12-28 03:00:00,1.9499999999999997
2020-12-28 04:00:00,1.9299999999999997
2020-12-28 05:00:00,1.9399999999999997
2020-12-28 06:00:00,1.8899999999999997
2020-12-28 07:00:00,1.8199999999999998
2020-12-28 08:00:00,1.7899999999999998
2020-12-28 09:00:00,1.8199999999999998
2020-12-28 10:00:00,1.8199999999999998
2020-12-28 11:00:00,1.8199999999999998
2020-12-28 12:00:00,1.7899999999999998
2020-12-28 13:00:00,1.7599999999999998
2020-12-28 14:00:00,1.7699999999999998
2020-12-28 15:00:00,1.8099999999999998
2020-12-28 16:00:00,1.7799999999999998
2020-12-28 17:00:00,1.7899999999999998
2020-12-28 18:00:00,1.7799999999999998
2020-12-28 19:00:00,1.7799999999999998
2020-12-28 20:00:00,1.7999999999999998
2020-12-28 21:00:00,1.7999999999999998
2020-12-28 22:00:00,1.7899999999999998
2020-12-28 23:00:00,1.7899999999999998
2020-12-29 00:00:00,1.7999999999999998
2020-12-29 01:00:00,1.7899999999999998
2020-12-29 02:00:00,1.8399999999999999
2020-12-29 03:00:00,1.8099999999999998
2020-12-29 04:00:00,1.8099999999999998
2020-12-29 05:00:00,1.7999999999999998
2020-12-29 06:00:00,1.7599999999999998
2020-12-29 07:00:00,1.7799999999999998
2020-12-29 08:00:00,1.7699999999999998
2020-12-29 09:00:00,1.7599999999999998
2020-12-29 10:00:00,1.6899999999999997
2020-12-29 11:00:00,1.6899999999999997
2020-12-29 12:00:00,1.6899999999999997
2020-12-29 13:00:00,1.6799999999999997
2020-12-29 14:00:00,1.6699999999999997
2020-12-29 15:00:00,1.6399999999999997
2020-12-29 16:00:00,1.6499999999999997
2020-12-29 17:00:00,1.6499999999999997
2020-12-29 18:00:00,1.6199999999999997
2020-12-29 19:00:00,1.6499999999999997
2020-12-29 20:00:00,1.6299999999999997
2020-12-29 21:00:00,1.6399999999999997
2020-12-29 22:00:00,1.6199999999999997
2020-12-29 23:00:00,1.6299999999999997
2020-12-30 00:00:00,1.6299999999999997
2020-12-30 01:00:00,1.6599999999999997
2020-12-30 02:00:00,1.6699999999999997
2020-12-30 03:00:00,1.6799999999999997
2020-12-30 04:00:00,1.6599999999999997
2020-12-30 05:00:00,1.6599999999999997
2020-12-30 06:00:00,1.6599999999999997
2020-12-30 07:00:00,1.7499999999999998
2020-12-30 08:00:00,1.7699999999999998
2020-12-30 09:00:00,1.7699999999999998
2020-12-30 10:00:00,1.8199999999999998
2020-12-30 11:00:00,1.8299999999999998
2020-12-30 12:00:00,1.8299999999999998
2020-12-30 13:00:00,1.7899999999999998
2020-12-30 14:00:00,1.8099999999999998
2020-12-30 15:00:00,1.7999999999999998
2020-12-30 16:00:00,1.7999999999999998
2020-12-30 17:00:00,1.7799999999999998
2020-12-30 18:00:00,1.7799999999999998
2020-12-30 19:00:00,1.7799999999999998
2020-12-30 20:00:00,1.8199999999999998
2020-12-30 21:00:00,1.8199999999999998
2020-12-30 22:00:00,1.7999999999999998
2020-12-30 23:00:00,1.8499999999999999
2020-12-31 00:00:00,1.8399999999999999
2020-12-31 01:00:00,1.8199999999999998
2020-12-31 02:00:00,1.8199999999999998
2020-12-31 03:00:00,1.8699999999999997
2020-12-31 04:00:00,1.8599999999999999
2020-12-31 05:00:00,1.8699999999999997
2020-12-31 06:00:00,1.8599999999999999
2020-12-31 07:00:00,1.7799999999999998
2020-12-31 08:00:00,1.7499999999999998
2020-12-31 09:00:00,1.7599999999999998
2020-12-31 10:00:00,1.7199999999999998
2020-12-31 11:00:00,1.7599999999999998
2020-12-31 12:00:00,1.7899999999999998
2020-12-31 13:00:00,1.7999999999999998
2020-12-31 14:00:00,1.8099999999999998
2020-12-31 15:00:00,1.8099999999999998
2020-12-31 16:00:00,1.8099999999999998
2020-12-31 17:00:00,1.8399999999999999
2020-12-31 18:00:00,1.8499999999999999
2020-12-31 19:00:00,1.8399999999999999
2020-12-31 20:00:00,1.8299999999999998
2020-12-31 21:00:00,1.8399999999999999
2020-12-31 22:00:00,1.8299999999999998
2020-12-31 23:00:00,1.8099999999999998
2021-01-01 00:00:00,1.8099999999999998
2021-01-01 01:00:00,1.7899999999999998
2021-01-01 02:00:00,1.7799999999999998
2021-01-01 03:00:00,1.7699999999999998
2021-01-01 04:00:00,1.7899999999999998
2021-01-01 05:00:00,1.7799999999999998
2021-01-01 06:00:00,1.7899999999999998
2021-01-01 07:00:00,1.7599999999999998
2021-01-01 08:00:00,1.7999999999999998
2021-01-01 09:00:00,1.8099999999999998
2021-01-01 10:00:00,1.8899999999999997
2021-01-01 11:00:00,1.8299999999999998
2021-01-01 12:00:00,1.8399999999999999
2021-01-01 13:00:00,1.8299999999999998
2021-01-01 14:00:00,1.8199999999999998
2021-01-01 15:00:00,1.8499999999999999
2021-01-01 16:00:00,1.8499999999999999
2021-01-01 17:00:00,1.8399999999999999
2021-01-01 18:00:00,1.8299999999999998
2021-01-01 19:00:00,1.8499999999999999
2021-01-01 20:00:00,1.8399999999999999
2021-01-01 21:00:00,1.7899999999999998
2021-01-01 22:00:00,1.7999999999999998
2021-01-01 23:00:00,1.7899999999999998
2021-01-02 00:00:00,1.7599999999999998
2021-01-02 01:00:00,1.7699999999999998
2021-01-02 02:00:00,1.7799999999999998
2021-01-02 03:00:00,1.7899999999999998
2021-01-02 04:00:00,1.8099999999999998
2021-01-02 05:00:00,1.7899999999999998
2021-01-02 06:00:00,1.7799999999999998
2021-01-02 07:00:00,1.7599999999999998
2021-01-02 08:00:00,1.7399999999999998
2021-01-02 09:00:00,1.6999999999999997
2021-01-02 10:00:00,1.6799999999999997
2021-01-02 11:00:00,1.7099999999999997
2021-01-02 12:00:00,1.7199999999999998
2021-01-02 13:00:00,1.6999999999999997
2021-01-02 14:00:00,1.7099999999999997
2021-01-02 15:00:00,1.6899999999999997
2021-01-02 16:00:00,1.7099999999999997
2021-01-02 17:00:00,1.7299999999999998
2021-01-02 18:00:00,1.7499999999999998
2021-01-02 19:00:00,1.7399999999999998
2021-01-02 20:00:00,1.7699999999999998
2021-01-02 21:00:00,1.7699999999999998
2021-01-02 22:00:00,1.7699999999999998
2021-01-02 23:00:00,1.8099999999999998
2021-01-03 00:00:00,1.7899999999999998
2021-01-03 01:00:00,1.7799999999999998
2021-01-03 02:00:00,1.7999999999999998
2021-01-03 03:00:00,1.7599999999999998
2021-01-03 04:00:00,1.7799999999999998
2021-01-03 05:00:00,1.7699999999999998
2021-01-03 06:00:00,1.7499999999999998
2021-01-03 07:00:00,1.8199999999999998
2021-01-03 08:00:00,1.8499999999999999
2021-01-03 09:00:00,1.8699999999999997
2021-01-03 10:00:00,1.8599999999999999
2021-01-03 11:00:00,1.8499999999999999
2021-01-03 12:00:00,1.8499999999999999
2021-01-03 13:00:00,1.8399999999999999
2021-01-03 14:00:00,1.8499999999999999
2021-01-03 15:00:00,1.8599999999999999
2021-01-03 16:00:00,1.8199999999999998
2021-01-03 17:00:00,1.7899999999999998
2021-01-03 18:00:00,1.7699999999999998
2021-01-03 19:00:00,1.7499999999999998
2021-01-03 20:00:00,1.7499999999999998
2021-01-03 21:00:00,1.7399999999999998
2021-01-03 22:00:00,1.7299999999999998
2021-01-03 23:00:00,1.7199999999999998
2021-01-04 00:00:00,1.7199999999999998
2021-01-04 01:00:00,1.6999999999999997
2021-01-04 02:00:00,1.7099999999999997
2021-01-04 03:00:00,1.7299999999999998
2021-01-04 04:00:00,1.7199999999999998
2021-01-04 05:00:00,1.7299999999999998
2021-01-04 06:00:00,1.7499999999999998
2021-01-04 07:00:00,1.7799999999999998
2021-01-04 08:00:00,1.7899999999999998
2021-01-04 09:00:00,1.7899999999999998
2021-01-04 10:00:00,1.7699999999999998
2021-01-04 11:00:00,1.7999999999999998
2021-01-04 12:00:00,1.7999999999999998
2021-01-04 13:00:00,1.8099999999999998
2021-01-04 14:00:00,1.7799999999999998
2021-01-04 15:00:00,1.7899999999999998
2021-01-04 16:00:00,1.8399999999999999
2021-01-04 17:00:00,1.8499999999999999
2021-01-04 18:00:00,1.8699999999999997
2021-01-04 19:00:00,1.8699999999999997
2021-01-04 20:00:00,1.8999999999999997
2021-01-04 21:00:00,1.88
2021-01-04 22:00:00,1.8899999999999997
2021-01-04 23:00:00,1.9099999999999997
2021-01-05 00:00:00,1.8999999999999997
2021-01-05 01:00:00,1.8699999999999997
2021-01-05 02:00:00,1.88
2021-01-05 03:00:00,1.8699999999999997
2021-01-05 04:00:00,1.8499999999999999
2021-01-05 05:00:00,1.8699999999999997
2021-01-05 06:00:00,1.8499999999999999
2021-01-05 07:00:00,1.8499999999999999
2021-01-05 08:00:00,1.9099999999999997
2021-01-05 09:00:00,1.8999999999999997
2021-01-05 10:00:00,1.9099999999999997
2021-01-05 11:00:00,1.9299999999999997
2021-01-05 12:00:00,1.9299999999999997
2021-01-05 13:00:00,1.9299999999999997
2021-01-05 14:00:00,1.9299999999999997
2021-01-05 15:00:00,1.9299999999999997
2021-01-05 16:00:00,1.9299999999999997
2021-01-05 17:00:00,1.9299999999999997
2021-01-05 18:00:00,1.9299999999999997
2021-01-05 19:00:00,1.9299999999999997
2021-01-05 20:00:00,1.9299999999999997
2021-01-05 21:00:00,1.9299999999999997
2021-01-05 22:00:00,1.9299999999999997
2021-01-05 23:00:00,1.9299999999999997
2021-01-06 00:00:00,1.9299999999999997
2021-01-06 01:00:00,1.9299999999999997
2021-01-06 02:00:00,1.9299999999999997
2021-01-06 03:00:00,1.9299999999999997
2021-01-06 04:00:00,1.9299999999999997
2021-01-06 05:00:00,1.9299999999999997
2021-01-06 06:00:00,1.9299999999999997
2021-01-06 07:00:00,1.9299999999999997
2021-01-06 08:00:00,1.9299999999999997
2021-01-06 09:00:00,1.9299999999999997
2021-01-06 10:00:00,1.9299999999999997
2021-01-06 11:00:00,1.9299999999999997
2021-01-06 12:00:00,1.9299999999999997
2021-01-06 13:00:00,1.9299999999999997
2021-01-06 14:00:00,1.929999999993015
2021-01-06 15:00:00,1.8800000000046566
2021-01-06 16:00:00,1.8800000000046566
2021-01-06 17:00:00,1.8800000000046566
2021-01-06 18:00:00,1.8800000000046566
2021-01-06 19:00:00,1.8800000000046566
2021-01-06 20:00:00,1.8800000000046566
2021-01-06 21:00:00,1.8800000000046566
2021-01-06 22:00:00,1.8800000000046566
2021-01-06 23:00:00,1.8800000000046566
2021-01-07 00:00:00,1.8800000000046566
2021-01-07 01:00:00,1.8800000000046566
2021-01-07 02:00:00,1.8800000000046566
2021-01-07 03:00:00,1.8800000000046566
2021-01-07 04:00:00,1.8800000000046566
2021-01-07 05:00:00,1.8800000000046566
2021-01-07 06:00:00,1.8800000000046566
2021-01-07 07:00:00,1.8800000000046566
2021-01-07 08:00:00,1.8800000000046566
2021-01-07 09:00:00,1.8800000000046566
2021-01-07 10:00:00,1.8800000000046566
2021-01-07 11:00:00,1.8800000000046566
2021-01-07 12:00:00,1.8800000000046566
2021-01-07 13:00:00,1.8800000000046566
2021-01-07 14:00:00,1.8800000000046566
2021-01-07 15:00:00,1.8800000000046566
2021-01-07 16:00:00,1.8800000000046566
2021-01-07 17:00:00,1.8800000000046566
2021-01-07 18:00:00,1.8800000000046566
2021-01-07 19:00:00,1.8800000000046566
2021-01-07 20:00:00,1.8800000000046566
2021-01-07 21:00:00,1.8800000000046566
2021-01-07 22:00:00,1.8800000000046566
2021-01-07 23:00:00,1.8800000000046566
2021-01-08 00:00:00,1.8800000000046566
2021-01-08 01:00:00,1.8800000000046566
2021-01-08 02:00:00,1.8800000000046566
2021-01-08 03:00:00,1.8800000000046566
2021-01-08 04:00:00,1.8800000000046566
2021-01-08 05:00:00,1.8800000000046566
2021-01-08 06:00:00,1.8800000000046566
2021-01-08 07:00:00,1.8800000000046566
2021-01-08 08:00:00,1.8800000000046566
2021-01-08 09:00:00,1.8800000000046566
2021-01-08 10:00:00,1.8800000000046566
2021-01-08 11:00:00,1.8800000000046566
2021-01-08 12:00:00,1.8800000000046566
2021-01-08 13:00:00,1.8800000000046566
2021-01-08 14:00:00,1.8800000000046566
2021-01-08 15:00:00,1.8800000000046566
2021-01-08 16:00:00,1.8800000000046566
2021-01-08 17:00:00,1.8800000000046566
2021-01-08 18:00:00,1.8800000000046566
2021-01-08 19:00:00,1.8800000000046566
2021-01-08 20:00:00,1.8800000000046566
2021-01-08 21:00:00,1.8800000000046566
2021-01-08 22:00:00,1.8800000000046566
2021-01-08 23:00:00,1.8800000000046566
2021-01-09 00:00:00,1.8800000000046566
2021-01-09 01:00:00,1.8800000000046566
2021-01-09 02:00:00,1.8800000000046566
2021-01-09 03:00:00,1.8800000000046566
2021-01-09 04:00:00,1.8800000000046566
2021-01-09 05:00:00,1.8800000000046566
2021-01-09 06:00:00,1.8599999999860302
2021-01-09 07:00:00,1.8599999999860302
2021-01-09 08:00:00,1.8599999999860302
2021-01-09 09:00:00,1.8599999999860302
2021-01-09 10:00:00,1.8599999999860302
2021-01-09 11:00:00,1.8599999999860302
2021-01-09 12:00:00,1.8599999999860302
2021-01-09 13:00:00,1.8599999999860302
2021-01-09 14:00:00,1.8599999999860302
2021-01-09 15:00:00,1.8599999999860302
2021-01-09 16:00:00,1.8599999999860302
2021-01-09 17:00:00,1.8599999999860302
2021-01-09 18:00:00,1.8599999999860302
2021-01-09 19:00:00,1.8599999999860302
2021-01-09 20:00:00,1.8599999999860302
2021-01-09 21:00:00,1.8599999999860302
2021-01-09 22:00:00,1.8599999999860302
2021-01-09 23:00:00,1.8599999999860302
2021-01-10 00:00:00,1.8599999999860302
2021-01-10 01:00:00,1.8599999999860302
2021-01-10 02:00:00,1.8599999999860302
2021-01-10 03:00:00,1.8599999999860302
2021-01-10 04:00:00,1.8599999999860302
2021-01-10 05:00:00,1.8599999999860302
2021-01-10 06:00:00,1.8599999999860302
2021-01-10 07:00:00,1.8599999999860302
2021-01-10 08:00:00,1.8399999999674037
2021-01-10 09:00:00,1.8399999999674037
2021-01-10 10:00:00,1.8399999999674037
2021-01-10 11:00:00,1.8399999999674037
2021-01-10 12:00:00,1.8399999999674037
2021-01-10 13:00:00,1.8399999999674037
2021-01-10 14:00:00,1.8399999999674037
2021-01-10 15:00:00,1.8399999999674037
2021-01-10 16:00:00,1.8399999999674037
2021-01-10 17:00:00,1.8399999999674037
2021-01-10 18:00:00,1.8399999999674037
2021-01-10 19:00:00,1.8399999999674037
2021-01-10 20:00:00,1.8399999999674037
2021-01-10 21:00:00,1.8399999999674037
2021-01-10 22:00:00,1.8399999999674037
2021-01-10 23:00:00,1.8399999999674037
2021-01-11 00:00:00,1.8399999999674037
2021-01-11 01:00:00,1.8399999999674037
2021-01-11 02:00:00,1.8399999999674037
2021-01-11 03:00:00,1.8399999999674037
2021-01-11 04:00:00,1.8399999999674037
2021-01-11 05:00:00,1.8399999999674037
2021-01-11 06:00:00,1.8399999999674037
2021-01-11 07:00:00,1.8399999999674037
2021-01-11 08:00:00,1.8699999999953434
2021-01-11 09:00:00,1.7600000000093132
2021-01-11 10:00:00,1.7600000000093132
2021-01-11 11:00:00,1.7600000000093132
2021-01-11 12:00:00,1.7600000000093132
2021-01-11 13:00:00,1.7600000000093132
2021-01-11 14:00:00,1.7600000000093132
2021-01-11 15:00:00,1.7600000000093132
2021-01-11 16:00:00,1.7600000000093132
2021-01-11 17:00:00,1.7600000000093132
2021-01-11 18:00:00,1.7600000000093132
2021-01-11 19:00:00,1.7600000000093132
2021-01-11 20:00:00,1.7600000000093132
2021-01-11 21:00:00,1.7600000000093132
2021-01-11 22:00:00,1.7600000000093132
2021-01-11 23:00:00,1.7600000000093132
2021-01-12 00:00:00,1.7600000000093132
2021-01-12 01:00:00,1.7600000000093132
2021-01-12 02:00:00,1.7600000000093132
2021-01-12 03:00:00,1.7600000000093132
2021-01-12 04:00:00,1.7600000000093132
2021-01-12 05:00:00,1.7600000000093132
2021-01-12 06:00:00,1.7600000000093132
2021-01-12 07:00:00,1.7600000000093132
2021-01-12 08:00:00,1.7399999999906868
2021-01-12 09:00:00,1.7399999999906868
2021-01-12 10:00:00,1.7399999999906868
2021-01-12 11:00:00,1.7399999999906868
2021-01-12 12:00:00,1.7399999999906868
2021-01-12 13:00:00,1.7399999999906868
2021-01-12 14:00:00,1.7399999999906868
2021-01-12 15:00:00,1.7399999999906868
2021-01-12 16:00:00,1.7399999999906868
2021-01-12 17:00:00,1.7399999999906868
2021-01-12 18:00:00,1.7399999999906868
2021-01-12 19:00:00,1.7399999999906868
2021-01-12 20:00:00,1.7399999999906868
2021-01-12 21:00:00,1.7399999999906868
2021-01-12 22:00:00,1.7399999999906868
2021-01-12 23:00:00,1.7399999999906868
2021-01-13 00:00:00,1.7399999999906868
2021-01-13 01:00:00,1.7399999999906868
2021-01-13 02:00:00,1.7399999999906868
2021-01-13 03:00:00,1.7399999999906868
2021-01-13 04:00:00,1.7399999999906868
2021-01-13 05:00:00,1.7399999999906868
2021-01-13 06:00:00,1.7399999999906868
2021-01-13 07:00:00,1.8399999999674037
2021-01-13 08:00:00,1.7399999999906868
2021-01-13 09:00:00,1.7399999999906868
2021-01-13 10:00:00,1.7399999999906868
2021-01-13 11:00:00,1.7399999999906868
2021-01-13 12:00:00,1.7399999999906868
2021-01-13 13:00:00,1.7399999999906868
2021-01-13 14:00:00,1.8699999999953434
2021-01-13 15:00:00,1.7399999999906868
2021-01-13 16:00:00,1.7399999999906868
2021-01-13 17:00:00,1.7399999999906868
2021-01-13 18:00:00,1.7399999999906868
2021-01-13 19:00:00,1.7399999999906868
2021-01-13 20:00:00,1.7399999999906868
2021-01-13 21:00:00,1.7399999999906868
2021-01-13 22:00:00,1.7399999999906868
2021-01-13 23:00:00,1.7399999999906868
2021-01-14 00:00:00,1.7399999999906868
2021-01-14 01:00:00,1.709999999962747
2021-01-14 02:00:00,1.6999999999534339
2021-01-14 03:00:00,1.7199999999720603
2021-01-14 04:00:00,1.7199999999720603
2021-01-14 05:00:00,1.7199999999720603
2021-01-14 06:00:00,1.679999999993015
2021-01-14 07:00:00,1.6699999999837019
2021-01-14 08:00:00,1.629999999946449
2021-01-14 09:00:00,1.6199999999953434
2021-01-14 10:00:00,1.6199999999953434
2021-01-14 11:00:00,1.6199999999953434
2021-01-14 12:00:00,1.6599999999743886
2021-01-14 13:00:00,1.7000000000116415
2021-01-14 14:00:00,1.7000000000116415
2021-01-14 15:00:00,1.7000000000116415
2021-01-14 16:00:00,1.7100000000209548
2021-01-14 17:00:00,1.6900000000023283
2021-01-14 18:00:00,1.6599999999743886
2021-01-14 19:00:00,1.7100000000209548
2021-01-14 20:00:00,1.679999999993015
2021-01-14 21:00:00,1.6699999999837019
2021-01-14 22:00:00,1.7399999999906868
2021-01-14 23:00:00,1.7100000000209548
2021-01-15 00:00:00,1.720000000030268
2021-01-15 01:00:00,1.75
2021-01-15 02:00:00,1.7100000000209548
2021-01-15 03:00:00,1.720000000030268
2021-01-15 04:00:00,1.7399999999906868
2021-01-15 05:00:00,1.7299999999813735
2021-01-15 06:00:00,1.7399999999906868
2021-01-15 07:00:00,1.7800000000279397
2021-01-15 08:00:00,1.7999999999883585
2021-01-15 09:00:00,1.8099999999976717
2021-01-15 10:00:00,1.7899999999790452
2021-01-15 11:00:00,1.7700000000186265
2021-01-15 12:00:00,1.7000000000116415
2021-01-15 13:00:00,1.6400000000139698
2021-01-15 14:00:00,1.6400000000139698
2021-01-15 15:00:00,1.6099999999860302
2021-01-15 16:00:00,1.6199999999953434
2021-01-15 17:00:00,1.6199999999953434
2021-01-15 18:00:00,1.6199999999953434
2021-01-15 19:00:00,1.599999999976717
2021-01-15 20:00:00,1.570000000006985
2021-01-15 21:00:00,1.5200000000186265
2021-01-15 22:00:00,1.5100000000093132
2021-01-15 23:00:00,1.5399999999790452
2021-01-16 00:00:00,1.5
2021-01-16 01:00:00,1.4600000000209548
2021-01-16 02:00:00,1.4899999999906868
2021-01-16 03:00:00,1.5
2021-01-16 04:00:00,1.5
2021-01-16 05:00:00,1.5200000000186265
2021-01-16 06:00:00,1.5200000000186265
2021-01-16 07:00:00,1.4900000000488944
2021-01-16 08:00:00,1.4900000000488944
2021-01-16 09:00:00,1.470000000030268
2021-01-16 10:00:00,1.4500000000116415
2021-01-16 11:00:00,1.4400000000023283
2021-01-16 12:00:00,1.400000000023283
2021-01-16 13:00:00,1.4200000000419095
2021-01-16 14:00:00,1.4500000000116415
2021-01-16 15:00:00,1.4600000000209548
2021-01-16 16:00:00,1.5
2021-01-16 17:00:00,1.4800000000395812
2021-01-16 18:00:00,1.4600000000209548
2021-01-16 19:00:00,1.4500000000116415
2021-01-16 20:00:00,1.4500000000116415
2021-01-16 21:00:00,1.4300000000512227
2021-01-16 22:00:00,1.4600000000209548
2021-01-16 23:00:00,1.4400000000023283
2021-01-17 00:00:00,1.4100000000325963
2021-01-17 01:00:00,1.4100000000325963
2021-01-17 02:00:00,1.3500000000349246
2021-01-17 03:00:00,1.320000000006985
2021-01-17 04:00:00,1.3300000000162981
2021-01-17 05:00:00,1.320000000006985
2021-01-17 06:00:00,1.3000000000465661
2021-01-17 07:00:00,1.3500000000349246
2021-01-17 08:00:00,1.3800000000046566
2021-01-17 09:00:00,1.4400000000023283
2021-01-17 10:00:00,1.4900000000488944
2021-01-17 11:00:00,1.5200000000186265
2021-01-17 12:00:00,1.5100000000093132
2021-01-17 13:00:00,1.5
2021-01-17 14:00:00,1.470000000030268
2021-01-17 15:00:00,1.4800000000395812
2021-01-17 16:00:00,1.4500000000116415
2021-01-17 17:00:00,1.4900000000488944
2021-01-17 18:00:00,1.470000000030268
2021-01-17 19:00:00,1.4600000000209548
2021-01-17 20:00:00,1.5
2021-01-17 21:00:00,1.5
2021-01-17 22:00:00,1.470000000030268
2021-01-17 23:00:00,1.470000000030268
2021-01-18 00:00:00,1.470000000030268
2021-01-18 01:00:00,1.4600000000209548
2021-01-18 02:00:00,1.4800000000395812
2021-01-18 03:00:00,1.470000000030268
2021-01-18 04:00:00,1.4200000000419095
2021-01-18 05:00:00,1.3900000000139698
2021-01-18 06:00:00,1.3800000000046566
2021-01-18 07:00:00,1.3500000000349246
2021-01-18 08:00:00,1.3500000000349246
2021-01-18 09:00:00,1.3300000000162981
2021-01-18 10:00:00,1.25
2021-01-18 11:00:00,1.220000000030268
2021-01-18 12:00:00,1.2400000000488944
2021-01-18 13:00:00,1.2300000000395812
2021-01-18 14:00:00,1.2400000000488944
2021-01-18 15:00:00,1.2300000000395812
2021-01-18 16:00:00,1.220000000030268
2021-01-18 17:00:00,1.2400000000488944
2021-01-18 18:00:00,1.220000000030268
2021-01-18 19:00:00,1.2300000000395812
2021-01-18 20:00:00,1.220000000030268
2021-01-18 21:00:00,1.1900000000023283
2021-01-18 22:00:00,1.1900000000023283
2021-01-18 23:00:00,1.2400000000488944
2021-01-19 00:00:00,1.2300000000395812
2021-01-19 01:00:00,1.2400000000488944
2021-01-19 02:00:00,1.220000000030268
2021-01-19 03:00:00,1.2000000000116415
2021-01-19 04:00:00,1.220000000030268
2021-01-19 05:00:00,1.25
2021-01-19 06:00:00,1.25
2021-01-19 07:00:00,1.25
2021-01-19 08:00:00,1.2100000000209548
2021-01-19 09:00:00,1.2000000000116415
2021-01-19 10:00:00,1.25
2021-01-19 11:00:00,1.2100000000209548
2021-01-19 12:00:00,1.25
2021-01-19 13:00:00,1.2800000000279397
2021-01-19 14:00:00,1.25
2021-01-19 15:00:00,1.2300000000395812
2021-01-19 16:00:00,1.2100000000209548
2021-01-19 17:00:00,1.2000000000116415
2021-01-19 18:00:00,1.1700000000419095
2021-01-19 19:00:00,1.150000000023283
2021-01-19 20:00:00,1.1800000000512227
2021-01-19 21:00:00,1.2000000000116415
2021-01-19 22:00:00,1.2000000000116415
2021-01-19 23:00:00,1.1900000000023283
2021-01-20 00:00:00,1.2000000000116415
2021-01-20 01:00:00,1.1900000000023283
2021-01-20 02:00:00,1.1900000000023283
2021-01-20 03:00:00,1.2000000000116415
2021-01-20 04:00:00,1.2000000000116415
2021-01-20 05:00:00,1.1900000000023283
2021-01-20 06:00:00,1.1800000000512227
2021-01-20 07:00:00,1.2000000000116415
2021-01-20 08:00:00,1.2000000000116415
2021-01-20 09:00:00,1.1400000000139698
2021-01-20 10:00:00,1.1300000000046566
2021-01-20 11:00:00,1.150000000023283
2021-01-20 12:00:00,1.0900000000256114
2021-01-20 13:00:00,1.0800000000162981
2021-01-20 14:00:00,1.1100000000442378
2021-01-20 15:00:00,1.1100000000442378
2021-01-20 16:00:00,1.120000000053551
2021-01-20 17:00:00,1.150000000023283
2021-01-20 18:00:00,1.1300000000046566
2021-01-20 19:00:00,1.1100000000442378
2021-01-20 20:00:00,1.1300000000046566
2021-01-20 21:00:00,1.1400000000139698
2021-01-20 22:00:00,1.1300000000046566
2021-01-20 23:00:00,1.1600000000325963
2021-01-21 00:00:00,1.1300000000046566
2021-01-21 01:00:00,1.1300000000046566
2021-01-21 02:00:00,1.1400000000139698
2021-01-21 03:00:00,1.0800000000162981
2021-01-21 04:00:00,1.1100000000442378
2021-01-21 05:00:00,1.1600000000325963
2021-01-21 06:00:00,1.1600000000325963
2021-01-21 07:00:00,1.150000000023283
2021-01-21 08:00:00,1.220000000030268
2021-01-21 09:00:00,1.2300000000395812
2021-01-21 10:00:00,1.2300000000395812
2021-01-21 11:00:00,1.1700000000419095
2021-01-21 12:00:00,1.2000000000116415
2021-01-21 13:00:00,1.1300000000046566
2021-01-21 14:00:00,1.1300000000046566
2021-01-21 15:00:00,1.1900000000023283
2021-01-21 16:00:00,1.2000000000116415
2021-01-21 17:00:00,1.220000000030268
2021-01-21 18:00:00,1.2300000000395812
2021-01-21 19:00:00,1.2400000000488944
2021-01-21 20:00:00,1.220000000030268
2021-01-21 21:00:00,1.2000000000116415
2021-01-21 22:00:00,1.1800000000512227
2021-01-21 23:00:00,1.1400000000139698
2021-01-22 00:00:00,1.1700000000419095
2021-01-22 01:00:00,1.1800000000512227
2021-01-22 02:00:00,1.1400000000139698
2021-01-22 03:00:00,1.150000000023283
2021-01-22 04:00:00,1.120000000053551
2021-01-22 05:00:00,1.1000000000349246
2021-01-22 06:00:00,1.1300000000046566
2021-01-22 07:00:00,1.0900000000256114
2021-01-22 08:00:00,1.1400000000139698
2021-01-22 09:00:00,1.1000000000349246
2021-01-22 10:00:00,1.070000000006985
2021-01-22 11:00:00,1.150000000023283
2021-01-22 12:00:00,1.120000000053551
2021-01-22 13:00:00,1.2100000000209548
2021-01-22 14:00:00,1.2100000000209548
2021-01-22 15:00:00,1.1900000000023283
2021-01-22 16:00:00,1.1800000000512227
2021-01-22 17:00:00,1.150000000023283
2021-01-22 18:00:00,1.1400000000139698
2021-01-22 19:00:00,1.1400000000139698
2021-01-22 20:00:00,1.1600000000325963
2021-01-22 21:00:00,1.1300000000046566
2021-01-22 22:00:00,1.120000000053551
2021-01-22 23:00:00,1.1300000000046566
2021-01-23 00:00:00,1.120000000053551
2021-01-23 01:00:00,1.1400000000139698
2021-01-23 02:00:00,1.1800000000512227
2021-01-23 03:00:00,1.1800000000512227
2021-01-23 04:00:00,1.1700000000419095
2021-01-23 05:00:00,1.2100000000209548
2021-01-23 06:00:00,1.2100000000209548
2021-01-23 07:00:00,1.2600000000093132
2021-01-23 08:00:00,1.2600000000093132
2021-01-23 09:00:00,1.2600000000093132
2021-01-23 10:00:00,1.2600000000093132
2021-01-23 11:00:00,1.2700000000093132
2021-01-23 12:00:00,1.2200000000093132
2021-01-23 13:00:00,1.2500000000093132
2021-01-23 14:00:00,1.2800000000093132
2021-01-23 15:00:00,1.2400000000093132
2021-01-23 16:00:00,1.3000000000093133
2021-01-23 17:00:00,1.2700000000093132
2021-01-23 18:00:00,1.2800000000093132
2021-01-23 19:00:00,1.3000000000093133
2021-01-23 20:00:00,1.2900000000093133
2021-01-23 21:00:00,1.3300000000093133
2021-01-23 22:00:00,1.3100000000093133
2021-01-23 23:00:00,1.3400000000093133
2021-01-24 00:00:00,1.3100000000093133
2021-01-24 01:00:00,1.3000000000093133
2021-01-24 02:00:00,1.2300000000093132
2021-01-24 03:00:00,1.3000000000093133
2021-01-24 04:00:00,1.2800000000093132
2021-01-24 05:00:00,1.2600000000093132
2021-01-24 06:00:00,1.2400000000093132
2021-01-24 07:00:00,1.2500000000093132
2021-01-24 08:00:00,1.2400000000093132
2021-01-24 09:00:00,1.2200000000093132
2021-01-24 10:00:00,1.2100000000093132
2021-01-24 11:00:00,1.2200000000093132
2021-01-24 12:00:00,1.2700000000093132
2021-01-24 13:00:00,1.2400000000093132
2021-01-24 14:00:00,1.2600000000093132
2021-01-24 15:00:00,1.2700000000093132
2021-01-24 16:00:00,1.2800000000093132
2021-01-24 17:00:00,1.2700000000093132
2021-01-24 18:00:00,1.2700000000093132
2021-01-24 19:00:00,1.2500000000093132
2021-01-24 20:00:00,1.2300000000093132
2021-01-24 21:00:00,1.1900000000093132
2021-01-24 22:00:00,1.1100000000093133
2021-01-24 23:00:00,1.0900000000093133
2021-01-25 00:00:00,1.0500000000093133
2021-01-25 01:00:00,1.0000000000093132
2021-01-25 02:00:00,1.0000000000093132
2021-01-25 03:00:00,1.0100000000093132
2021-01-25 04:00:00,1.0300000000093132
2021-01-25 05:00:00,1.0200000000093132
2021-01-25 06:00:00,1.0100000000093132
2021-01-25 07:00:00,1.0000000000093132
2021-01-25 08:00:00,1.0000000000093132
2021-01-25 09:00:00,0.9800000000093132
2021-01-25 10:00:00,1.0300000000093132
2021-01-25 11:00:00,1.0000000000093132
2021-01-25 12:00:00,0.9700000000093132
2021-01-25 13:00:00,0.9700000000093132
2021-01-25 14:00:00,0.9200000000093131
2021-01-25 15:00:00,0.9000000000093131
2021-01-25 16:00:00,0.8700000000093132
2021-01-25 17:00:00,0.8700000000093132
2021-01-25 18:00:00,0.8800000000093132
2021-01-25 19:00:00,0.9100000000093131
2021-01-25 20:00:00,0.9000000000093131
2021-01-25 21:00:00,0.8900000000093131
2021-01-25 22:00:00,0.9900000000093132
2021-01-25 23:00:00,0.9500000000093132
2021-01-26 00:00:00,0.9400000000093132
2021-01-26 01:00:00,0.9900000000093132
2021-01-26 02:00:00,0.9800000000093132
2021-01-26 03:00:00,0.9600000000093132
2021-01-26 04:00:00,0.9900000000093132
2021-01-26 05:00:00,0.9700000000093132
2021-01-26 06:00:00,1.0000000000093132
2021-01-26 07:00:00,1.0100000000093132
2021-01-26 08:00:00,1.0300000000093132
2021-01-26 09:00:00,0.9900000000093132
2021-01-26 10:00:00,1.0200000000093132
2021-01-26 11:00:00,1.0100000000093132
2021-01-26 12:00:00,1.0900000000093133
2021-01-26 13:00:00,1.100000000009313
2021-01-26 14:00:00,1.1500000000093131
2021-01-26 15:00:00,1.1600000000093131
2021-01-26 16:00:00,1.2000000000093132
2021-01-26 17:00:00,1.2300000000093132
2021-01-26 18:00:00,1.4200000000093131
2021-01-26 19:00:00,1.380000000009313
2021-01-26 20:00:00,1.4100000000093131
2021-01-26 21:00:00,1.380000000009313
2021-01-26 22:00:00,1.4000000000093131
2021-01-26 23:00:00,1.4300000000093132
2021-01-27 00:00:00,1.4300000000093132
2021-01-27 01:00:00,1.4300000000093132
2021-01-27 02:00:00,1.3000000000093133
2021-01-27 03:00:00,1.3100000000093133
2021-01-27 04:00:00,1.3200000000093133
2021-01-27 05:00:00,1.3400000000093133
2021-01-27 06:00:00,1.3000000000093133
2021-01-27 07:00:00,1.2900000000093133
2021-01-27 08:00:00,1.2800000000093132
2021-01-27 09:00:00,1.2400000000093132
2021-01-27 10:00:00,1.2400000000093132
2021-01-27 11:00:00,1.3000000000093133
2021-01-27 12:00:00,1.3000000000093133
2021-01-27 13:00:00,1.3200000000093133
2021-01-27 14:00:00,1.3300000000093133
2021-01-27 15:00:00,1.3400000000093133
2021-01-27 16:00:00,1.2800000000093132
2021-01-27 17:00:00,1.3000000000093133
2021-01-27 18:00:00,1.3200000000093133
2021-01-27 19:00:00,1.3100000000093133
2021-01-27 20:00:00,1.3200000000093133
2021-01-27 21:00:00,1.3400000000093133
2021-01-27 22:00:00,1.350000000009313
2021-01-27 23:00:00,1.350000000009313
2021-01-28 00:00:00,1.380000000009313
2021-01-28 01:00:00,1.380000000009313
2021-01-28 02:00:00,1.380000000009313
2021-01-28 03:00:00,1.4400000000093132
2021-01-28 04:00:00,1.4200000000093131
2021-01-28 05:00:00,1.4400000000093132
2021-01-28 06:00:00,1.4100000000093131
2021-01-28 07:00:00,1.3900000000093131
2021-01-28 08:00:00,1.4000000000093131
2021-01-28 09:00:00,1.3600000000093133
2021-01-28 10:00:00,1.380000000009313
2021-01-28 11:00:00,1.3600000000093133
2021-01-28 12:00:00,1.3400000000093133
2021-01-28 13:00:00,1.3400000000093133
2021-01-28 14:00:00,1.3100000000093133
2021-01-28 15:00:00,1.3300000000093133
2021-01-28 16:00:00,1.3200000000093133
2021-01-28 17:00:00,1.2800000000093132
2021-01-28 18:00:00,1.2700000000093132
2021-01-28 19:00:00,1.2800000000093132
2021-01-28 20:00:00,1.2300000000093132
2021-01-28 21:00:00,1.1900000000093132
2021-01-28 22:00:00,1.1800000000093132
2021-01-28 23:00:00,1.1700000000093131
2021-01-29 00:00:00,1.2000000000093132
2021-01-29 01:00:00,1.1800000000093132
2021-01-29 02:00:00,1.1400000000093131
2021-01-29 03:00:00,1.120000000009313
2021-01-29 04:00:00,1.1400000000093131
2021-01-29 05:00:00,1.1400000000093131
2021-01-29 06:00:00,1.1400000000093131
2021-01-29 07:00:00,1.1400000000093131
2021-01-29 08:00:00,1.1800000000093132
2021-01-29 09:00:00,1.1800000000093132
2021-01-29 10:00:00,1.170000000009313
2021-01-29 11:00:00,1.210000000009313
2021-01-29 12:00:00,1.1600000000093131
2021-01-29 13:00:00,1.120000000009313
2021-01-29 14:00:00,1.170000000009313
2021-01-29 15:00:00,1.190000000009313
2021-01-29 16:00:00,1.1800000000093132
2021-01-29 17:00:00,1.1600000000093131
2021-01-29 18:00:00,1.210000000009313
2021-01-29 19:00:00,1.220000000009313
2021-01-29 20:00:00,1.220000000009313
2021-01-29 21:00:00,1.200000000009313
2021-01-29 22:00:00,1.220000000009313
2021-01-29 23:00:00,1.200000000009313
2021-01-30 00:00:00,1.240000000009313
2021-01-30 01:00:00,1.280000000009313
2021-01-30 02:00:00,1.260000000009313
2021-01-30 03:00:00,1.340000000009313
2021-01-30 04:00:00,1.320000000009313
2021-01-30 05:00:00,1.270000000009313
2021-01-30 06:00:00,1.270000000009313
2021-01-30 07:00:00,1.380000000009313
2021-01-30 08:00:00,1.300000000009313
2021-01-30 09:00:00,1.280000000009313
2021-01-30 10:00:00,1.260000000009313
2021-01-30 11:00:00,1.220000000009313
2021-01-30 12:00:00,1.1800000000093132
2021-01-30 13:00:00,1.230000000009313
2021-01-30 14:00:00,1.1600000000093131
2021-01-30 15:00:00,1.1500000000093131
2021-01-30 16:00:00,1.1400000000093131
2021-01-30 17:00:00,1.120000000009313
2021-01-30 18:00:00,1.060000000009313
2021-01-30 19:00:00,1.030000000009313
2021-01-30 20:00:00,1.070000000009313
2021-01-30 21:00:00,1.080000000009313
2021-01-30 22:00:00,1.070000000009313
2021-01-30 23:00:00,1.090000000009313
2021-01-31 00:00:00,1.090000000009313
2021-01-31 01:00:00,1.030000000009313
2021-01-31 02:00:00,1.010000000009313
2021-01-31 03:00:00,0.970000000009313
2021-01-31 04:00:00,0.990000000009313
2021-01-31 05:00:00,1.040000000009313
2021-01-31 06:00:00,1.070000000009313
2021-01-31 07:00:00,1.040000000009313
2021-01-31 08:00:00,1.190000000009313
2021-01-31 09:00:00,1.240000000009313
2021-01-31 10:00:00,1.240000000009313
2021-01-31 11:00:00,1.240000000009313
2021-01-31 12:00:00,1.240000000009313
2021-01-31 13:00:00,1.270000000009313
2021-01-31 14:00:00,1.280000000009313
2021-01-31 15:00:00,1.300000000009313
2021-01-31 16:00:00,1.310000000009313
2021-01-31 17:00:00,1.300000000009313
2021-01-31 18:00:00,1.300000000009313
2021-01-31 19:00:00,1.350000000009313
2021-01-31 20:00:00,1.340000000009313
2021-01-31 21:00:00,1.330000000009313
2021-01-31 22:00:00,1.360000000009313
2021-01-31 23:00:00,1.320000000009313
2021-02-01 00:00:00,1.350000000009313
2021-02-01 01:00:00,1.350000000009313
2021-02-01 02:00:00,1.380000000009313
2021-02-01 03:00:00,1.350000000009313
2021-02-01 04:00:00,1.4300000000093132
2021-02-01 05:00:00,1.4000000000093131
2021-02-01 06:00:00,1.4500000000093132
2021-02-01 07:00:00,1.4600000000093132
2021-02-01 08:00:00,1.4900000000093132
2021-02-01 09:00:00,1.500000000009313
2021-02-01 10:00:00,1.520000000009313
2021-02-01 11:00:00,1.540000000009313
2021-02-01 12:00:00,1.540000000009313
2021-02-01 13:00:00,1.6800000000093132
2021-02-01 14:00:00,1.6800000000093132
2021-02-01 15:00:00,1.710000000009313
2021-02-01 16:00:00,1.6900000000093132
2021-02-01 17:00:00,1.6900000000093132
2021-02-01 18:00:00,1.6900000000093132
2021-02-01 19:00:00,1.6500000000093131
2021-02-01 20:00:00,1.6500000000093131
2021-02-01 21:00:00,1.7200000000093132
2021-02-01 22:00:00,1.7400000000093132
2021-02-01 23:00:00,1.7200000000093132
2021-02-02 00:00:00,1.730000000009313
2021-02-02 01:00:00,1.750000000009313
2021-02-02 02:00:00,1.750000000009313
2021-02-02 03:00:00,1.770000000009313
2021-02-02 04:00:00,1.7200000000093132
2021-02-02 05:00:00,1.630000000009313
2021-02-02 06:00:00,1.6400000000093131
2021-02-02 07:00:00,1.550000000009313
2021-02-02 08:00:00,1.4400000000093132
2021-02-02 09:00:00,1.370000000009313
2021-02-02 10:00:00,1.340000000009313
2021-02-02 11:00:00,1.340000000009313
2021-02-02 12:00:00,1.3900000000093131
2021-02-02 13:00:00,1.4000000000093131
2021-02-02 14:00:00,1.370000000009313
2021-02-02 15:00:00,1.360000000009313
2021-02-02 16:00:00,1.350000000009313
2021-02-02 17:00:00,1.300000000009313
2021-02-02 18:00:00,1.300000000009313
2021-02-02 19:00:00,1.340000000009313
2021-02-02 20:00:00,1.330000000009313
2021-02-02 21:00:00,1.270000000009313
2021-02-02 22:00:00,1.240000000009313
2021-02-02 23:00:00,1.240000000009313
2021-02-03 00:00:00,1.250000000009313
2021-02-03 01:00:00,1.210000000009313
2021-02-03 02:00:00,1.2200000000093132
2021-02-03 03:00:00,1.210000000009313
2021-02-03 04:00:00,1.2200000000093132
2021-02-03 05:00:00,1.260000000009313
2021-02-03 06:00:00,1.270000000009313
2021-02-03 07:00:00,1.340000000009313
2021-02-03 08:00:00,1.360000000009313
2021-02-03 09:00:00,1.3900000000093131
2021-02-03 10:00:00,1.4100000000093131
2021-02-03 11:00:00,1.4400000000093132
2021-02-03 12:00:00,1.4000000000093131
2021-02-03 13:00:00,1.4200000000093131
2021-02-03 14:00:00,1.3900000000093131
2021-02-03 15:00:00,1.4300000000093132
2021-02-03 16:00:00,1.4500000000093132
2021-02-03 17:00:00,1.480000000009313
2021-02-03 18:00:00,1.4500000000093132
2021-02-03 19:00:00,1.4700000000093132
2021-02-03 20:00:00,1.520000000009313
2021-02-03 21:00:00,1.480000000009313
2021-02-03 22:00:00,1.520000000009313
2021-02-03 23:00:00,1.520000000009313
2021-02-04 00:00:00,1.530000000009313
2021-02-04 01:00:00,1.500000000009313
2021-02-04 02:00:00,1.4600000000093132
2021-02-04 03:00:00,1.4600000000093132
2021-02-04 04:00:00,1.4300000000093132
2021-02-04 05:00:00,1.350000000009313
2021-02-04 06:00:00,1.350000000009313
2021-02-04 07:00:00,1.310000000009313
2021-02-04 08:00:00,1.330000000009313
2021-02-04 09:00:00,1.380000000009313
2021-02-04 10:00:00,1.330000000009313
2021-02-04 11:00:00,1.290000000009313
2021-02-04 12:00:00,1.360000000009313
2021-02-04 13:00:00,1.350000000009313
2021-02-04 14:00:00,1.360000000009313
2021-02-04 15:00:00,1.330000000009313
2021-02-04 16:00:00,1.280000000009313
2021-02-04 17:00:00,1.330000000009313
2021-02-04 18:00:00,1.290000000009313
2021-02-04 19:00:00,1.280000000009313
2021-02-04 20:00:00,1.240000000009313
2021-02-04 21:00:00,1.260000000009313
2021-02-04 22:00:00,1.2200000000093132
2021-02-04 23:00:00,1.230000000009313
2021-02-05 00:00:00,1.240000000009313
2021-02-05 01:00:00,1.240000000009313
2021-02-05 02:00:00,1.230000000009313
2021-02-05 03:00:00,1.250000000009313
2021-02-05 04:00:00,1.280000000009313
2021-02-05 05:00:00,1.250000000009313
2021-02-05 06:00:00,1.210000000009313
2021-02-05 07:00:00,1.1600000000093131
2021-02-05 08:00:00,1.110000000009313
2021-02-05 09:00:00,1.060000000009313
2021-02-05 10:00:00,1.000000000009313
2021-02-05 11:00:00,1.020000000009313
2021-02-05 12:00:00,0.9900000000093131
2021-02-05 13:00:00,0.9100000000093131
2021-02-05 14:00:00,0.9200000000093131
2021-02-05 15:00:00,0.9300000000093132
2021-02-05 16:00:00,0.9200000000093131
2021-02-05 17:00:00,0.8700000000093131
2021-02-05 18:00:00,0.8600000000093131
2021-02-05 19:00:00,0.8200000000093131
2021-02-05 20:00:00,0.8300000000093131
2021-02-05 21:00:00,0.7800000000093131
2021-02-05 22:00:00,0.800000000009313
2021-02-05 23:00:00,0.800000000009313
2021-02-06 00:00:00,0.8200000000093131
2021-02-06 01:00:00,0.810000000009313
2021-02-06 02:00:00,0.810000000009313
2021-02-06 03:00:00,0.8200000000093131
2021-02-06 04:00:00,0.8200000000093131
2021-02-06 05:00:00,0.8500000000093131
2021-02-06 06:00:00,0.8400000000093131
2021-02-06 07:00:00,0.8600000000093131
2021-02-06 08:00:00,0.8900000000093131
2021-02-06 09:00:00,0.9200000000093131
2021-02-06 10:00:00,0.9600000000093131
2021-02-06 11:00:00,0.9400000000093132
2021-02-06 12:00:00,1.000000000009313
2021-02-06 13:00:00,1.070000000009313
2021-02-06 14:00:00,1.080000000009313
2021-02-06 15:00:00,1.1400000000093131
2021-02-06 16:00:00,1.1400000000093131
2021-02-06 17:00:00,1.1700000000093131
2021-02-06 18:00:00,1.1700000000093131
2021-02-06 19:00:00,1.1600000000093131
2021-02-06 20:00:00,1.1500000000093131
2021-02-06 21:00:00,1.1700000000093131
2021-02-06 22:00:00,1.130000000009313
2021-02-06 23:00:00,1.090000000009313
2021-02-07 00:00:00,1.070000000009313
2021-02-07 01:00:00,1.090000000009313
2021-02-07 02:00:00,1.110000000009313
2021-02-07 03:00:00,1.130000000009313
2021-02-07 04:00:00,1.120000000009313
2021-02-07 05:00:00,1.1500000000093131
2021-02-07 06:00:00,1.1900000000093132
2021-02-07 07:00:00,1.260000000009313
2021-02-07 08:00:00,1.290000000009313
2021-02-07 09:00:00,1.320000000009313
2021-02-07 10:00:00,1.310000000009313
2021-02-07 11:00:00,1.280000000009313
2021-02-07 12:00:00,1.270000000009313
2021-02-07 13:00:00,1.1800000000093132
2021-02-07 14:00:00,1.1400000000093131
2021-02-07 15:00:00,1.1600000000093131
2021-02-07 16:00:00,1.1500000000093131
2021-02-07 17:00:00,1.1600000000093131
2021-02-07 18:00:00,1.1600000000093131
2021-02-07 19:00:00,1.130000000009313
2021-02-07 20:00:00,1.1600000000093131
2021-02-07 21:00:00,1.240000000009313
2021-02-07 22:00:00,1.280000000009313
2021-02-07 23:00:00,1.290000000009313
2021-02-08 00:00:00,1.330000000009313
2021-02-08 01:00:00,1.300000000009313
2021-02-08 02:00:00,1.310000000009313
2021-02-08 03:00:00,1.1900000000093132
2021-02-08 04:00:00,1.1400000000093131
2021-02-08 05:00:00,1.130000000009313
2021-02-08 06:00:00,1.1400000000093131
2021-02-08 07:00:00,1.100000000009313
2021-02-08 08:00:00,1.080000000009313
2021-02-08 09:00:00,1.060000000009313
2021-02-08 10:00:00,1.060000000009313
2021-02-08 11:00:00,1.030000000009313
2021-02-08 12:00:00,1.000000000009313
2021-02-08 13:00:00,1.010000000009313
2021-02-08 14:00:00,1.010000000009313
2021-02-08 15:00:00,1.000000000009313
2021-02-08 16:00:00,1.000000000009313
2021-02-08 17:00:00,1.010000000009313
2021-02-08 18:00:00,0.9700000000093131
2021-02-08 19:00:00,1.000000000009313
2021-02-08 20:00:00,0.9900000000093131
2021-02-08 21:00:00,0.9400000000093132
2021-02-08 22:00:00,0.9400000000093132
2021-02-08 23:00:00,0.9600000000093131
2021-02-09 00:00:00,0.9300000000093132
2021-02-09 01:00:00,0.9200000000093131
2021-02-09 02:00:00,0.9100000000093131
2021-02-09 03:00:00,1.030000000009313
2021-02-09 04:00:00,1.030000000009313
2021-02-09 05:00:00,1.070000000009313
2021-02-09 06:00:00,1.060000000009313
2021-02-09 07:00:00,1.110000000009313
2021-02-09 08:00:00,1.210000000009313
2021-02-09 09:00:00,1.2200000000093132
2021-02-09 10:00:00,1.130000000009313
2021-02-09 11:00:00,1.130000000009313
2021-02-09 12:00:00,1.110000000009313
2021-02-09 13:00:00,1.110000000009313
2021-02-09 14:00:00,1.070000000009313
2021-02-09 15:00:00,1.120000000009313
2021-02-09 16:00:00,1.050000000009313
2021-02-09 17:00:00,1.050000000009313
2021-02-09 18:00:00,1.050000000009313
2021-02-09 19:00:00,1.030000000009313
2021-02-09 20:00:00,1.040000000009313
2021-02-09 21:00:00,1.000000000009313
2021-02-09 22:00:00,1.020000000009313
2021-02-09 23:00:00,1.020000000009313
2021-02-10 00:00:00,1.030000000009313
2021-02-10 01:00:00,1.070000000009313
2021-02-10 02:00:00,1.070000000009313
2021-02-10 03:00:00,1.000000000009313
2021-02-10 04:00:00,0.9600000000093131
2021-02-10 05:00:00,0.9400000000093132
2021-02-10 06:00:00,0.8200000000093131
2021-02-10 07:00:00,0.7300000000093131
2021-02-10 08:00:00,0.6500000000093131
2021-02-10 09:00:00,0.5900000000093131
2021-02-10 10:00:00,0.6300000000093131
2021-02-10 11:00:00,0.6400000000093131
2021-02-10 12:00:00,0.6600000000093131
2021-02-10 13:00:00,0.6600000000093131
2021-02-10 14:00:00,0.6600000000093131
2021-02-10 15:00:00,0.6200000000093131
2021-02-10 16:00:00,0.6400000000093131
2021-02-10 17:00:00,0.690000000009313
2021-02-10 18:00:00,0.7300000000093131
2021-02-10 19:00:00,0.7200000000093131
2021-02-10 20:00:00,0.7100000000093131
2021-02-10 21:00:00,0.690000000009313
2021-02-10 22:00:00,0.6400000000093131
2021-02-10 23:00:00,0.6300000000093131
2021-02-11 00:00:00,0.5800000000093131
2021-02-11 01:00:00,0.5300000000093131
2021-02-11 02:00:00,0.5200000000093131
2021-02-11 03:00:00,0.5200000000093131
2021-02-11 04:00:00,0.5900000000093131
2021-02-11 05:00:00,0.6300000000093131
2021-02-11 06:00:00,0.670000000009313
2021-02-11 07:00:00,0.7500000000093131
2021-02-11 08:00:00,0.7500000000093131
2021-02-11 09:00:00,0.800000000009313
2021-02-11 10:00:00,0.810000000009313
2021-02-11 11:00:00,0.810000000009313
2021-02-11 12:00:00,0.8500000000093131
2021-02-11 13:00:00,0.8500000000093131
2021-02-11 14:00:00,0.8700000000093131
2021-02-11 15:00:00,0.810000000009313
2021-02-11 16:00:00,0.8400000000093131
2021-02-11 17:00:00,0.8200000000093131
2021-02-11 18:00:00,0.8300000000093131
2021-02-11 19:00:00,0.8200000000093131
2021-02-11 20:00:00,0.810000000009313
2021-02-11 21:00:00,0.800000000009313
2021-02-11 22:00:00,0.8300000000093131
2021-02-11 23:00:00,0.8400000000093131
2021-02-12 00:00:00,0.8400000000093131
2021-02-12 01:00:00,0.8300000000093131
2021-02-12 02:00:00,0.8400000000093131
2021-02-12 03:00:00,0.8400000000093131
2021-02-12 04:00:00,0.790000000009313
2021-02-12 05:00:00,0.7300000000093131
2021-02-12 06:00:00,0.7200000000093131
2021-02-12 07:00:00,0.680000000009313
2021-02-12 08:00:00,0.6500000000093131
2021-02-12 09:00:00,0.6000000000093131
2021-02-12 10:00:00,0.5800000000093131
2021-02-12 11:00:00,0.540000000009313
2021-02-12 12:00:00,0.560000000009313
2021-02-12 13:00:00,0.6000000000093131
2021-02-12 14:00:00,0.680000000009313
2021-02-12 15:00:00,0.6400000000093131
2021-02-12 16:00:00,0.6000000000093131
2021-02-12 17:00:00,0.5900000000093131
2021-02-12 18:00:00,0.5900000000093131
2021-02-12 19:00:00,0.6000000000093131
2021-02-12 20:00:00,0.560000000009313
2021-02-12 21:00:00,0.540000000009313
2021-02-12 22:00:00,0.5300000000093131
2021-02-12 23:00:00,0.540000000009313
2021-02-13 00:00:00,0.5300000000093131
2021-02-13 01:00:00,0.540000000009313
2021-02-13 02:00:00,0.5300000000093131
2021-02-13 03:00:00,0.5000000000093131
2021-02-13 04:00:00,0.6000000000093131
2021-02-13 05:00:00,0.6200000000093131
2021-02-13 06:00:00,0.6500000000093131
2021-02-13 07:00:00,0.680000000009313
2021-02-13 08:00:00,0.6100000000093131
2021-02-13 09:00:00,0.7000000000093131
2021-02-13 10:00:00,0.7600000000093131
2021-02-13 11:00:00,0.7600000000093131
2021-02-13 12:00:00,0.790000000009313
2021-02-13 13:00:00,0.7400000000093131
2021-02-13 14:00:00,0.7300000000093131
2021-02-13 15:00:00,0.7300000000093131
2021-02-13 16:00:00,0.7000000000093131
2021-02-13 17:00:00,0.7200000000093131
2021-02-13 18:00:00,0.7200000000093131
2021-02-13 19:00:00,0.6600000000093131
2021-02-13 20:00:00,0.670000000009313
2021-02-13 21:00:00,0.670000000009313
2021-02-13 22:00:00,0.680000000009313
2021-02-13 23:00:00,0.680000000009313
2021-02-14 00:00:00,0.6200000000093131
2021-02-14 01:00:00,0.5900000000093131
2021-02-14 02:00:00,0.5900000000093131
2021-02-14 03:00:00,0.6100000000093131
2021-02-14 04:00:00,0.550000000009313
2021-02-14 05:00:00,0.5300000000093131
2021-02-14 06:00:00,0.4800000000093131
2021-02-14 07:00:00,0.550000000009313
2021-02-14 08:00:00,0.560000000009313
2021-02-14 09:00:00,0.540000000009313
2021-02-14 10:00:00,0.5100000000093131
2021-02-14 11:00:00,0.5200000000093131
2021-02-14 12:00:00,0.560000000009313
2021-02-14 13:00:00,0.550000000009313
2021-02-14 14:00:00,0.540000000009313
2021-02-14 15:00:00,0.5100000000093131
2021-02-14 16:00:00,0.5300000000093131
2021-02-14 17:00:00,0.5000000000093131
2021-02-14 18:00:00,0.5100000000093131
2021-02-14 19:00:00,0.540000000009313
2021-02-14 20:00:00,0.550000000009313
2021-02-14 21:00:00,0.540000000009313
2021-02-14 22:00:00,0.5200000000093131
2021-02-14 23:00:00,0.560000000009313
2021-02-15 00:00:00,0.5700000000093131
2021-02-15 01:00:00,0.6200000000093131
2021-02-15 02:00:00,0.5900000000093131
2021-02-15 03:00:00,0.5900000000093133
2021-02-15 04:00:00,0.6600000000093136
2021-02-15 05:00:00,0.730000000009313
2021-02-15 06:00:00,0.7100000000093134
2021-02-15 07:00:00,0.7100000000093134
2021-02-15 08:00:00,0.7000000000093136
2021-02-15 09:00:00,0.7000000000093136
2021-02-15 10:00:00,0.7000000000093136
2021-02-15 11:00:00,0.7000000000093136
2021-02-15 12:00:00,0.6900000000093129
2021-02-15 13:00:00,0.6800000000093132
2021-02-15 14:00:00,0.6700000000093134
2021-02-15 15:00:00,0.6800000000093132
2021-02-15 16:00:00,0.6900000000093129
2021-02-15 17:00:00,0.7100000000093134
2021-02-15 18:00:00,0.7500000000093134
2021-02-15 19:00:00,0.7500000000093134
2021-02-15 20:00:00,0.770000000009313
2021-02-15 21:00:00,0.7800000000093128
2021-02-15 22:00:00,0.8000000000093133
2021-02-15 23:00:00,0.8200000000093128
2021-02-16 00:00:00,0.8500000000093131
2021-02-16 01:00:00,0.8800000000093133
2021-02-16 02:00:00,0.8700000000093135
2021-02-16 03:00:00,0.9200000000093134
2021-02-16 04:00:00,0.9300000000093132
2021-02-16 05:00:00,0.9200000000093134
2021-02-16 06:00:00,0.9200000000093134
2021-02-16 07:00:00,0.9000000000093129
2021-02-16 08:00:00,0.8500000000093131
2021-02-16 09:00:00,0.8400000000093133
2021-02-16 10:00:00,0.8500000000093131
2021-02-16 11:00:00,0.810000000009313
2021-02-16 12:00:00,0.810000000009313
2021-02-16 13:00:00,0.8200000000093128
2021-02-16 14:00:00,0.8200000000093128
2021-02-16 15:00:00,0.7900000000093135
2021-02-16 16:00:00,0.7900000000093135
2021-02-16 17:00:00,0.8000000000093133
2021-02-16 18:00:00,0.7800000000093128
2021-02-16 19:00:00,0.7900000000093135
2021-02-16 20:00:00,0.810000000009313
2021-02-16 21:00:00,0.8200000000093128
2021-02-16 22:00:00,0.8000000000093133
2021-02-16 23:00:00,0.8300000000093135
2021-02-17 00:00:00,0.8200000000093128
2021-02-17 01:00:00,0.8700000000093135
2021-02-17 02:00:00,0.8400000000093133
2021-02-17 03:00:00,0.810000000009313
2021-02-17 04:00:00,0.8200000000093128
2021-02-17 05:00:00,0.8000000000093133
2021-02-17 06:00:00,0.7900000000093135
2021-02-17 07:00:00,0.8500000000093131
2021-02-17 08:00:00,0.8900000000093131
2021-02-17 09:00:00,0.9000000000093129
2021-02-17 10:00:00,0.9400000000093129
2021-02-17 11:00:00,0.9400000000093129
2021-02-17 12:00:00,0.9400000000093129
2021-02-17 13:00:00,0.9200000000093134
2021-02-17 14:00:00,0.9400000000093129
2021-02-17 15:00:00,0.9500000000093136
2021-02-17 16:00:00,0.9300000000093132
2021-02-17 17:00:00,0.9300000000093132
2021-02-17 18:00:00,0.9600000000093134
2021-02-17 19:00:00,0.9600000000093134
2021-02-17 20:00:00,0.9500000000093136
2021-02-17 21:00:00,0.9700000000093132
2021-02-17 22:00:00,0.9900000000093137
2021-02-17 23:00:00,0.9500000000093136
2021-02-18 00:00:00,0.9600000000093134
2021-02-18 01:00:00,0.8700000000093135
2021-02-18 02:00:00,0.9500000000093136
2021-02-18 03:00:00,1.0300000000093128
2021-02-18 04:00:00,1.0400000000093135
2021-02-18 05:00:00,1.0100000000093132
2021-02-18 06:00:00,1.0300000000093128
2021-02-18 07:00:00,1.0100000000093132
2021-02-18 08:00:00,1.0100000000093132
2021-02-18 09:00:00,1.0000000000093134
2021-02-18 10:00:00,0.9700000000093132
2021-02-18 11:00:00,1.0100000000093132
2021-02-18 12:00:00,1.0000000000093134
2021-02-18 13:00:00,1.0300000000093128
2021-02-18 14:00:00,1.020000000009313
2021-02-18 15:00:00,1.0700000000093128
2021-02-18 16:00:00,1.0700000000093128
2021-02-18 17:00:00,1.0500000000093133
2021-02-18 18:00:00,1.0100000000093132
2021-02-18 19:00:00,1.0400000000093135
2021-02-18 20:00:00,1.0500000000093133
2021-02-18 21:00:00,1.0300000000093128
2021-02-18 22:00:00,1.0500000000093133
2021-02-18 23:00:00,1.0700000000093128
2021-02-19 00:00:00,1.0400000000093135
2021-02-19 01:00:00,1.1100000000093129
2021-02-19 02:00:00,1.0900000000093133
2021-02-19 03:00:00,1.0500000000093133
2021-02-19 04:00:00,1.1300000000093133
2021-02-19 05:00:00,1.2000000000093136
2021-02-19 06:00:00,1.1700000000093134
2021-02-19 07:00:00,1.2500000000093134
2021-02-19 08:00:00,1.2400000000093137
2021-02-19 09:00:00,1.2200000000093132
2021-02-19 10:00:00,1.2400000000093137
2021-02-19 11:00:00,1.2400000000093137
2021-02-19 12:00:00,1.230000000009313
2021-02-19 13:00:00,1.2400000000093137
2021-02-19 14:00:00,1.2400000000093137
2021-02-19 15:00:00,1.190000000009313
2021-02-19 16:00:00,1.190000000009313
2021-02-19 17:00:00,1.2100000000093134
2021-02-19 18:00:00,1.2200000000093132
2021-02-19 19:00:00,1.2500000000093134
2021-02-19 20:00:00,1.2400000000093137
2021-02-19 21:00:00,1.2500000000093134
2021-02-19 22:00:00,1.230000000009313
2021-02-19 23:00:00,1.2400000000093137
2021-02-20 00:00:00,1.350000000009313
2021-02-20 01:00:00,1.3400000000093133
2021-02-20 02:00:00,1.4700000000093132
2021-02-20 03:00:00,1.440000000009313
2021-02-20 04:00:00,1.3600000000093129
2021-02-20 05:00:00,1.3400000000093133
2021-02-20 06:00:00,1.3400000000093133
2021-02-20 07:00:00,1.310000000009313
2021-02-20 08:00:00,1.270000000009313
2021-02-20 09:00:00,1.270000000009313
2021-02-20 10:00:00,1.310000000009313
2021-02-20 11:00:00,1.3400000000093133
2021-02-20 12:00:00,1.350000000009313
2021-02-20 13:00:00,1.3800000000093133
2021-02-20 14:00:00,1.4100000000093131
2021-02-20 15:00:00,1.3600000000093133
2021-02-20 16:00:00,1.370000000009313
2021-02-20 17:00:00,1.3800000000093133
2021-02-20 18:00:00,1.330000000009313
2021-02-20 19:00:00,1.3600000000093133
2021-02-20 20:00:00,1.3400000000093133
2021-02-20 21:00:00,1.330000000009313
2021-02-20 22:00:00,1.330000000009313
2021-02-20 23:00:00,1.310000000009313
2021-02-21 00:00:00,1.350000000009313
2021-02-21 01:00:00,1.310000000009313
2021-02-21 02:00:00,1.3400000000093133
2021-02-21 03:00:00,1.290000000009313
2021-02-21 04:00:00,1.2600000000093132
2021-02-21 05:00:00,1.3400000000093133
2021-02-21 06:00:00,1.4000000000093134
2021-02-21 07:00:00,1.3600000000093133
2021-02-21 08:00:00,1.3600000000093133
2021-02-21 09:00:00,1.3800000000093133
2021-02-21 10:00:00,1.350000000009313
2021-02-21 11:00:00,1.3200000000093133
2021-02-21 12:00:00,1.330000000009313
2021-02-21 13:00:00,1.310000000009313
2021-02-21 14:00:00,1.370000000009313
2021-02-21 15:00:00,1.3900000000093131
2021-02-21 16:00:00,1.4200000000093134
2021-02-21 17:00:00,1.4400000000093132
2021-02-21 18:00:00,1.4900000000093132
2021-02-21 19:00:00,1.4800000000093132
2021-02-21 20:00:00,1.4400000000093132
2021-02-21 21:00:00,1.4400000000093132
2021-02-21 22:00:00,1.5000000000093132
2021-02-21 23:00:00,1.4800000000093132
2021-02-22 00:00:00,1.4800000000093132
2021-02-22 01:00:00,1.5300000000093132
2021-02-22 02:00:00,1.560000000009313
2021-02-22 03:00:00,1.560000000009313
2021-02-22 04:00:00,1.570000000009313
2021-02-22 05:00:00,1.580000000009313
2021-02-22 06:00:00,1.5200000000093132
2021-02-22 07:00:00,1.5500000000093133
2021-02-22 08:00:00,1.600000000009313
2021-02-22 09:00:00,1.600000000009313
2021-02-22 10:00:00,1.610000000009313
2021-02-22 11:00:00,1.620000000009313
2021-02-22 12:00:00,1.630000000009313
2021-02-22 13:00:00,1.6400000000093131
2021-02-22 14:00:00,1.600000000009313
2021-02-22 15:00:00,1.630000000009313
2021-02-22 16:00:00,1.630000000009313
2021-02-22 17:00:00,1.6400000000093131
2021-02-22 18:00:00,1.6400000000093131
2021-02-22 19:00:00,1.6500000000093131
2021-02-22 20:00:00,1.600000000009313
2021-02-22 21:00:00,1.600000000009313
2021-02-22 22:00:00,1.610000000009313
2021-02-22 23:00:00,1.630000000009313
2021-02-23 00:00:00,1.630000000009313
2021-02-23 01:00:00,1.6500000000093131
2021-02-23 02:00:00,1.6700000000093131
2021-02-23 03:00:00,1.6500000000093131
2021-02-23 04:00:00,1.6600000000093131
2021-02-23 05:00:00,1.6800000000093132
2021-02-23 06:00:00,1.7900000000093133
2021-02-23 07:00:00,1.7900000000093133
2021-02-23 08:00:00,1.7700000000093132
2021-02-23 09:00:00,1.810000000009313
2021-02-23 10:00:00,1.810000000009313
2021-02-23 11:00:00,1.810000000009313
2021-02-23 12:00:00,1.810000000009313
2021-02-23 13:00:00,1.810000000009313
2021-02-23 14:00:00,1.870000000009313
2021-02-23 15:00:00,1.860000000009313
2021-02-23 16:00:00,1.850000000009313
2021-02-23 17:00:00,1.9000000000093131
2021-02-23 18:00:00,1.9200000000093131
2021-02-23 19:00:00,1.9700000000093132
2021-02-23 20:00:00,1.9700000000093132
2021-02-23 21:00:00,2.0300000000093132
2021-02-23 22:00:00,2.0300000000093132
2021-02-23 23:00:00,2.0100000000093132
2021-02-24 00:00:00,2.060000000009313
2021-02-24 01:00:00,2.060000000009313
2021-02-24 02:00:00,2.0400000000093135
2021-02-24 03:00:00,2.080000000009313
2021-02-24 04:00:00,2.0400000000093135
2021-02-24 05:00:00,2.0400000000093135
2021-02-24 06:00:00,1.9700000000093132
2021-02-24 07:00:00,1.9500000000093132
2021-02-24 08:00:00,1.9500000000093132
2021-02-24 09:00:00,1.9400000000093132
2021-02-24 10:00:00,1.9500000000093132
2021-02-24 11:00:00,1.9700000000093132
2021-02-24 12:00:00,1.9800000000093132
2021-02-24 13:00:00,1.9900000000093132
2021-02-24 14:00:00,2.0500000000093133
2021-02-24 15:00:00,2.020000000009313
2021-02-24 16:00:00,2.0000000000093134
2021-02-24 17:00:00,1.9800000000093132
2021-02-24 18:00:00,1.9500000000093132
2021-02-24 19:00:00,2.0000000000093134
2021-02-24 20:00:00,2.020000000009313
2021-02-24 21:00:00,2.110000000009313
2021-02-24 22:00:00,2.180000000009313
2021-02-24 23:00:00,2.100000000009313
2021-02-25 00:00:00,2.1300000000093133
2021-02-25 01:00:00,2.1700000000093134
2021-02-25 02:00:00,2.2100000000093134
2021-02-25 03:00:00,2.230000000009313
2021-02-25 04:00:00,2.2600000000093132
2021-02-25 05:00:00,2.220000000009313
2021-02-25 06:00:00,2.270000000009313
2021-02-25 07:00:00,2.320000000009313
2021-02-25 08:00:00,2.2900000000093135
2021-02-25 09:00:00,2.320000000009313
2021-02-25 10:00:00,2.330000000009313
2021-02-25 11:00:00,2.3400000000093133
2021-02-25 12:00:00,2.350000000009313
2021-02-25 13:00:00,2.350000000009313
2021-02-25 14:00:00,2.270000000009313
2021-02-25 15:00:00,2.2900000000093135
2021-02-25 16:00:00,2.330000000009313
2021-02-25 17:00:00,2.330000000009313
2021-02-25 18:00:00,2.3000000000093133
2021-02-25 19:00:00,2.240000000009313
2021-02-25 20:00:00,2.230000000009313
2021-02-25 21:00:00,2.160000000009313
2021-02-25 22:00:00,2.1300000000093133
2021-02-25 23:00:00,2.1700000000093134
2021-02-26 00:00:00,2.160000000009313
2021-02-26 01:00:00,2.160000000009313
2021-02-26 02:00:00,2.140000000009313
2021-02-26 03:00:00,2.080000000009313
2021-02-26 04:00:00,2.070000000009313
2021-02-26 05:00:00,2.0900000000093133
2021-02-26 06:00:00,2.100000000009313
2021-02-26 07:00:00,2.1300000000093133
2021-02-26 08:00:00,2.150000000009313
2021-02-26 09:00:00,2.140000000009313
2021-02-26 10:00:00,2.190000000009313
2021-02-26 11:00:00,2.180000000009313
2021-02-26 12:00:00,2.190000000009313
2021-02-26 13:00:00,2.220000000009313
2021-02-26 14:00:00,2.2900000000093135
2021-02-26 15:00:00,2.3000000000093133
2021-02-26 16:00:00,2.2900000000093135
2021-02-26 17:00:00,2.350000000009313
2021-02-26 18:00:00,2.390000000009313
2021-02-26 19:00:00,2.360000000009313
2021-02-26 20:00:00,2.400000000009313
2021-02-26 21:00:00,2.390000000009313
2021-02-26 22:00:00,2.400000000009313
2021-02-26 23:00:00,2.360000000009313
2021-02-27 00:00:00,2.390000000009313
2021-02-27 01:00:00,2.4200000000093134
2021-02-27 02:00:00,2.470000000009313
2021-02-27 03:00:00,2.600000000009313
2021-02-27 04:00:00,2.680000000009313
2021-02-27 05:00:00,2.6700000000093134
2021-02-27 06:00:00,2.700000000009313
2021-02-27 07:00:00,2.7100000000093134
2021-02-27 08:00:00,2.740000000009313
2021-02-27 09:00:00,2.740000000009313
2021-02-27 10:00:00,2.770000000009313
2021-02-27 11:00:00,2.7600000000093132
2021-02-27 12:00:00,2.730000000009313
2021-02-27 13:00:00,2.730000000009313
2021-02-27 14:00:00,2.7100000000093134
2021-02-27 15:00:00,2.690000000009313
2021-02-27 16:00:00,2.740000000009313
2021-02-27 17:00:00,2.750000000009313
2021-02-27 18:00:00,2.770000000009313
2021-02-27 19:00:00,2.8000000000093133
2021-02-27 20:00:00,2.790000000009313
2021-02-27 21:00:00,2.8200000000093133
2021-02-27 22:00:00,2.8600000000093133
2021-02-27 23:00:00,2.910000000009313
2021-02-28 00:00:00,2.910000000009313
2021-02-28 01:00:00,2.910000000009313
2021-02-28 02:00:00,2.8600000000093133
2021-02-28 03:00:00,2.790000000009313
2021-02-28 04:00:00,2.7100000000093134
2021-02-28 05:00:00,2.6700000000093134
2021-02-28 06:00:00,2.6700000000093134
2021-02-28 07:00:00,2.700000000009313
2021-02-28 08:00:00,2.650000000009313
2021-02-28 09:00:00,2.640000000009313
2021-02-28 10:00:00,2.600000000009313
2021-02-28 11:00:00,2.620000000009313
2021-02-28 12:00:00,2.6300000000093133
2021-02-28 13:00:00,2.620000000009313
2021-02-28 14:00:00,2.5900000000093133
2021-02-28 15:00:00,2.580000000009313
2021-02-28 16:00:00,2.6100000000093133
2021-02-28 17:00:00,2.5900000000093133
2021-02-28 18:00:00,2.620000000009313
2021-02-28 19:00:00,2.6300000000093133
2021-02-28 20:00:00,2.640000000009313
2021-02-28 21:00:00,2.600000000009313
2021-02-28 22:00:00,2.5900000000093133
2021-02-28 23:00:00,2.620000000009313
2021-03-01 00:00:00,2.640000000009313
2021-03-01 01:00:00,2.6300000000093133
2021-03-01 02:00:00,2.560000000009313
2021-03-01 03:00:00,2.6100000000093133
2021-03-01 04:00:00,2.6300000000093133
2021-03-01 05:00:00,2.690000000009313
2021-03-01 06:00:00,2.6700000000093134
2021-03-01 07:00:00,2.6700000000093134
2021-03-01 08:00:00,2.700000000009313
2021-03-01 09:00:00,2.7600000000093132
2021-03-01 10:00:00,2.7600000000093132
2021-03-01 11:00:00,2.750000000009313
2021-03-01 12:00:00,2.750000000009313
2021-03-01 13:00:00,2.740000000009313
2021-03-01 14:00:00,2.8000000000093133
2021-03-01 15:00:00,2.8000000000093133
2021-03-01 16:00:00,2.7800000000093132
2021-03-01 17:00:00,2.810000000009313
2021-03-01 18:00:00,2.810000000009313
2021-03-01 19:00:00,2.8200000000093133
2021-03-01 20:00:00,2.870000000009313
2021-03-01 21:00:00,2.8400000000093133
2021-03-01 22:00:00,2.8400000000093133
2021-03-01 23:00:00,2.7800000000093132
2021-03-02 00:00:00,2.690000000009313
2021-03-02 01:00:00,2.7600000000093132
2021-03-02 02:00:00,2.730000000009313
2021-03-02 03:00:00,2.700000000009313
2021-03-02 04:00:00,2.680000000009313
2021-03-02 05:00:00,2.580000000009313
2021-03-02 06:00:00,2.6100000000093133
2021-03-02 07:00:00,2.620000000009313
2021-03-02 08:00:00,2.6100000000093133
2021-03-02 09:00:00,2.620000000009313
2021-03-02 10:00:00,2.6100000000093133
2021-03-02 11:00:00,2.620000000009313
2021-03-02 12:00:00,2.640000000009313
2021-03-02 13:00:00,2.680000000009313
2021-03-02 14:00:00,2.6700000000093134
2021-03-02 15:00:00,2.6700000000093134
2021-03-02 16:00:00,2.680000000009313
2021-03-02 17:00:00,2.720000000009313
2021-03-02 18:00:00,2.7600000000093132
2021-03-02 19:00:00,2.680000000009313
2021-03-02 20:00:00,2.640000000009313
2021-03-02 21:00:00,2.620000000009313
2021-03-02 22:00:00,2.660000000009313
2021-03-02 23:00:00,2.680000000009313
2021-03-03 00:00:00,2.730000000009313
2021-03-03 01:00:00,2.720000000009313
2021-03-03 02:00:00,2.7600000000093132
2021-03-03 03:00:00,2.8000000000093133
2021-03-03 04:00:00,2.810000000009313
2021-03-03 05:00:00,2.870000000009313
2021-03-03 06:00:00,2.9200000000093134
2021-03-03 07:00:00,2.9200000000093134
2021-03-03 08:00:00,2.910000000009313
2021-03-03 09:00:00,2.9200000000093134
2021-03-03 10:00:00,2.9200000000093134
2021-03-03 11:00:00,2.910000000009313
2021-03-03 12:00:00,2.8800000000093133
2021-03-03 13:00:00,2.890000000009313
2021-03-03 14:00:00,2.900000000009313
2021-03-03 15:00:00,2.910000000009313
2021-03-03 16:00:00,2.900000000009313
2021-03-03 17:00:00,2.9200000000093134
2021-03-03 18:00:00,2.890000000009313
2021-03-03 19:00:00,2.950000000009313
2021-03-03 20:00:00,2.930000000009313
2021-03-03 21:00:00,2.930000000009313
2021-03-03 22:00:00,2.890000000009313
2021-03-03 23:00:00,2.890000000009313
2021-03-04 00:00:00,2.8800000000093133
2021-03-04 01:00:00,2.830000000009313
2021-03-04 02:00:00,2.830000000009313
2021-03-04 03:00:00,2.750000000009313
2021-03-04 04:00:00,2.7100000000093134
2021-03-04 05:00:00,2.6700000000093134
2021-03-04 06:00:00,2.600000000009313
2021-03-04 07:00:00,2.600000000009313
2021-03-04 08:00:00,2.6100000000093133
2021-03-04 09:00:00,2.660000000009313
2021-03-04 10:00:00,2.7100000000093134
2021-03-04 11:00:00,2.720000000009313
2021-03-04 12:00:00,2.770000000009313
2021-03-04 13:00:00,2.790000000009313
2021-03-04 14:00:00,2.8000000000093133
2021-03-04 15:00:00,2.810000000009313
2021-03-04 16:00:00,2.770000000009313
2021-03-04 17:00:00,2.720000000009313
2021-03-04 18:00:00,2.700000000009313
2021-03-04 19:00:00,2.740000000009313
2021-03-04 20:00:00,2.740000000009313
2021-03-04 21:00:00,2.740000000009313
2021-03-04 22:00:00,2.720000000009313
2021-03-04 23:00:00,2.7100000000093134
2021-03-05 00:00:00,2.6700000000093134
2021-03-05 01:00:00,2.730000000009313
2021-03-05 02:00:00,2.810000000009313
2021-03-05 03:00:00,2.900000000009313
2021-03-05 04:00:00,3.020000000009313
2021-03-05 05:00:00,3.040000000009313
2021-03-05 06:00:00,3.080000000009313
2021-03-05 07:00:00,3.150000000009313
2021-03-05 08:00:00,3.150000000009313
2021-03-05 09:00:00,3.1100000000093133
2021-03-05 10:00:00,3.100000000009313
2021-03-05 11:00:00,3.100000000009313
2021-03-05 12:00:00,3.080000000009313
2021-03-05 13:00:00,3.120000000009313
2021-03-05 14:00:00,3.1100000000093133
2021-03-05 15:00:00,3.1300000000093133
2021-03-05 16:00:00,3.1300000000093133
2021-03-05 17:00:00,3.1300000000093133
2021-03-05 18:00:00,3.200000000009313
2021-03-05 19:00:00,3.150000000009313
2021-03-05 20:00:00,3.190000000009313
2021-03-05 21:00:00,3.190000000009313
2021-03-05 22:00:00,3.210000000009313
2021-03-05 23:00:00,3.210000000009313
2021-03-06 00:00:00,3.3000000000093133
2021-03-06 01:00:00,3.290000000009313
2021-03-06 02:00:00,3.190000000009313
2021-03-06 03:00:00,3.140000000009313
2021-03-06 04:00:00,3.150000000009313
2021-03-06 05:00:00,3.1100000000093133
2021-03-06 06:00:00,3.1100000000093133
2021-03-06 07:00:00,2.990000000009313
2021-03-06 08:00:00,3.000000000009313
2021-03-06 09:00:00,3.0100000000093132
2021-03-06 10:00:00,3.040000000009313
2021-03-06 11:00:00,3.020000000009313
2021-03-06 12:00:00,3.020000000009313
2021-03-06 13:00:00,3.0700000000093133
2021-03-06 14:00:00,3.080000000009313
2021-03-06 15:00:00,3.0500000000093133
2021-03-06 16:00:00,3.0900000000093133
2021-03-06 17:00:00,3.080000000009313
2021-03-06 18:00:00,3.080000000009313
2021-03-06 19:00:00,3.0900000000093133
2021-03-06 20:00:00,3.0900000000093133
2021-03-06 21:00:00,3.080000000009313
2021-03-06 22:00:00,3.1100000000093133
2021-03-06 23:00:00,3.140000000009313
2021-03-07 00:00:00,3.140000000009313
2021-03-07 01:00:00,3.160000000009313
2021-03-07 02:00:00,3.180000000009313
2021-03-07 03:00:00,3.220000000009313
2021-03-07 04:00:00,3.210000000009313
2021-03-07 05:00:00,3.220000000009313
2021-03-07 06:00:00,3.270000000009313
2021-03-07 07:00:00,3.390000000009313
2021-03-07 08:00:00,3.3800000000093133
2021-03-07 09:00:00,3.410000000009313
2021-03-07 10:00:00,3.370000000009313
2021-03-07 11:00:00,3.3600000000093133
2021-03-07 12:00:00,3.3200000000093133
2021-03-07 13:00:00,3.240000000009313
2021-03-07 14:00:00,3.210000000009313
2021-03-07 15:00:00,3.240000000009313
2021-03-07 16:00:00,3.240000000009313
2021-03-07 17:00:00,3.230000000009313
2021-03-07 18:00:00,3.240000000009313
2021-03-07 19:00:00,3.220000000009313
2021-03-07 20:00:00,3.2600000000093132
2021-03-07 21:00:00,3.350000000009313
2021-03-07 22:00:00,3.3600000000093133
2021-03-07 23:00:00,3.390000000009313
2021-03-08 00:00:00,3.4000000000093134
2021-03-08 01:00:00,3.370000000009313
2021-03-08 02:00:00,3.3400000000093133
2021-03-08 03:00:00,3.270000000009313
2021-03-08 04:00:00,3.230000000009313
2021-03-08 05:00:00,3.200000000009313
2021-03-08 06:00:00,3.210000000009313
2021-03-08 07:00:00,3.190000000009313
2021-03-08 08:00:00,3.1700000000093134
2021-03-08 09:00:00,3.150000000009313
2021-03-08 10:00:00,3.1700000000093134
2021-03-08 11:00:00,3.210000000009313
2021-03-08 12:00:00,3.250000000009313
2021-03-08 13:00:00,3.230000000009313
2021-03-08 14:00:00,3.240000000009313
2021-03-08 15:00:00,3.250000000009313
2021-03-08 16:00:00,3.250000000009313
2021-03-08 17:00:00,3.220000000009313
2021-03-08 18:00:00,3.220000000009313
2021-03-08 19:00:00,3.160000000009313
2021-03-08 20:00:00,3.150000000009313
2021-03-08 21:00:00,3.080000000009313
2021-03-08 22:00:00,3.020000000009313
2021-03-08 23:00:00,3.040000000009313
2021-03-09 00:00:00,3.000000000009313
2021-03-09 01:00:00,2.970000000009313
2021-03-09 02:00:00,2.940000000009313
2021-03-09 03:00:00,2.9200000000093134
2021-03-09 04:00:00,2.930000000009313
2021-03-09 05:00:00,2.900000000009313
2021-03-09 06:00:00,2.900000000009313
2021-03-09 07:00:00,2.890000000009313
2021-03-09 08:00:00,2.890000000009313
2021-03-09 09:00:00,2.900000000009313
2021-03-09 10:00:00,2.8800000000093133
2021-03-09 11:00:00,2.8800000000093133
2021-03-09 12:00:00,2.8600000000093133
2021-03-09 13:00:00,2.910000000009313
2021-03-09 14:00:00,2.900000000009313
2021-03-09 15:00:00,2.940000000009313
2021-03-09 16:00:00,2.950000000009313
2021-03-09 17:00:00,3.000000000009313
2021-03-09 18:00:00,3.0100000000093132
2021-03-09 19:00:00,3.000000000009313
2021-03-09 20:00:00,2.990000000009313
2021-03-09 21:00:00,3.0700000000093133
2021-03-09 22:00:00,3.100000000009313
2021-03-09 23:00:00,3.080000000009313
2021-03-10 00:00:00,3.140000000009313
2021-03-10 01:00:00,3.190000000009313
2021-03-10 02:00:00,3.240000000009313
2021-03-10 03:00:00,3.290000000009313
2021-03-10 04:00:00,3.330000000009313
2021-03-10 05:00:00,3.3600000000093133
2021-03-10 06:00:00,3.330000000009313
2021-03-10 07:00:00,3.310000000009313
2021-03-10 08:00:00,3.3200000000093133
2021-03-10 09:00:00,3.3200000000093133
2021-03-10 10:00:00,3.310000000009313
2021-03-10 11:00:00,3.3000000000093133
2021-03-10 12:00:00,3.3400000000093133
2021-03-10 13:00:00,3.3200000000093133
2021-03-10 14:00:00,3.3600000000093133
2021-03-10 15:00:00,3.370000000009313
2021-03-10 16:00:00,3.410000000009313
2021-03-10 17:00:00,3.3600000000093133
2021-03-10 18:00:00,3.410000000009313
2021-03-10 19:00:00,3.440000000009313
2021-03-10 20:00:00,3.430000000009313
2021-03-10 21:00:00,3.440000000009313
2021-03-10 22:00:00,3.370000000009313
2021-03-10 23:00:00,3.410000000009313
2021-03-11 00:00:00,3.460000000009313
2021-03-11 01:00:00,3.410000000009313
2021-03-11 02:00:00,3.390000000009313
2021-03-11 03:00:00,3.430000000009313
2021-03-11 04:00:00,3.430000000009313
2021-03-11 05:00:00,3.5100000000093132
2021-03-11 06:00:00,3.540000000009313
2021-03-11 07:00:00,3.540000000009313
2021-03-11 08:00:00,3.580000000009313
2021-03-11 09:00:00,3.6100000000093133
2021-03-11 10:00:00,3.600000000009313
2021-03-11 11:00:00,3.600000000009313
2021-03-11 12:00:00,3.560000000009313
2021-03-11 13:00:00,3.600000000009313
2021-03-11 14:00:00,3.5500000000093133
2021-03-11 15:00:00,3.5300000000093132
2021-03-11 16:00:00,3.560000000009313
2021-03-11 17:00:00,3.5300000000093132
2021-03-11 18:00:00,3.5100000000093132
2021-03-11 19:00:00,3.470000000009313
2021-03-11 20:00:00,3.500000000009313
2021-03-11 21:00:00,3.480000000009313
2021-03-11 22:00:00,3.520000000009313
2021-03-11 23:00:00,3.490000000009313
2021-03-12 00:00:00,3.470000000009313
2021-03-12 01:00:00,3.440000000009313
2021-03-12 02:00:00,3.4200000000093134
2021-03-12 03:00:00,3.350000000009313
2021-03-12 04:00:00,3.3400000000093133
2021-03-12 05:00:00,3.3000000000093133
2021-03-12 06:00:00,3.290000000009313
2021-03-12 07:00:00,3.3000000000093133
2021-03-12 08:00:00,3.290000000009313
2021-03-12 09:00:00,3.330000000009313
2021-03-12 10:00:00,3.3200000000093133
2021-03-12 11:00:00,3.3200000000093133
2021-03-12 12:00:00,3.350000000009313
2021-03-12 13:00:00,3.410000000009313
2021-03-12 14:00:00,3.4200000000093134
2021-03-12 15:00:00,3.3800000000093133
2021-03-12 16:00:00,3.3800000000093133
2021-03-12 17:00:00,3.430000000009313
2021-03-12 18:00:00,3.440000000009313
2021-03-12 19:00:00,3.450000000009313
2021-03-12 20:00:00,3.480000000009313
2021-03-12 21:00:00,3.470000000009313
2021-03-12 22:00:00,3.4200000000093134
2021-03-12 23:00:00,3.4200000000093134
2021-03-13 00:00:00,3.450000000009313
2021-03-13 01:00:00,3.520000000009313
2021-03-13 02:00:00,3.6300000000093133
2021-03-13 03:00:00,3.720000000009313
2021-03-13 04:00:00,3.7100000000093134
2021-03-13 05:00:00,3.8000000000093133
2021-03-13 06:00:00,3.850000000009313
2021-03-13 07:00:00,3.830000000009313
2021-03-13 08:00:00,3.830000000009313
2021-03-13 09:00:00,3.810000000009313
2021-03-13 10:00:00,3.8000000000093133
2021-03-13 11:00:00,3.8200000000093133
2021-03-13 12:00:00,3.8000000000093133
2021-03-13 13:00:00,3.730000000009313
2021-03-13 14:00:00,3.730000000009313
2021-03-13 15:00:00,3.770000000009313
2021-03-13 16:00:00,3.770000000009313
2021-03-13 17:00:00,3.770000000009313
2021-03-13 18:00:00,3.790000000009313
2021-03-13 19:00:00,3.7600000000093132
2021-03-13 20:00:00,3.7600000000093132
2021-03-13 21:00:00,3.7600000000093132
2021-03-13 22:00:00,3.730000000009313
2021-03-13 23:00:00,3.770000000009313
2021-03-14 00:00:00,3.740000000009313
2021-03-14 01:00:00,3.750000000009313
2021-03-14 02:00:00,3.7600000000093132
2021-03-14 03:00:00,3.7100000000093134
2021-03-14 04:00:00,3.7100000000093134
2021-03-14 05:00:00,3.720000000009313
2021-03-14 06:00:00,3.7100000000093134
2021-03-14 07:00:00,3.690000000009313
2021-03-14 08:00:00,3.680000000009313
2021-03-14 09:00:00,3.6500000000093134
2021-03-14 10:00:00,3.6500000000093134
2021-03-14 11:00:00,3.620000000009313
2021-03-14 12:00:00,3.620000000009313
2021-03-14 13:00:00,3.600000000009313
2021-03-14 14:00:00,3.580000000009313
2021-03-14 15:00:00,3.5700000000093133
2021-03-14 16:00:00,3.540000000009313
2021-03-14 17:00:00,3.5300000000093132
2021-03-14 18:00:00,3.480000000009313
2021-03-14 19:00:00,3.5100000000093132
2021-03-14 20:00:00,3.430000000009313
2021-03-14 21:00:00,3.460000000009313
2021-03-14 22:00:00,3.430000000009313
2021-03-14 23:00:00,3.370000000009313
2021-03-15 00:00:00,3.370000000009313
2021-03-15 01:00:00,3.3200000000093133
2021-03-15 02:00:00,3.1700000000093134
2021-03-15 03:00:00,3.200000000009313
2021-03-15 04:00:00,3.1700000000093134
2021-03-15 05:00:00,3.120000000009313
2021-03-15 06:00:00,3.100000000009313
2021-03-15 07:00:00,3.140000000009313
2021-03-15 08:00:00,3.160000000009313
2021-03-15 09:00:00,3.220000000009313
2021-03-15 10:00:00,3.220000000009313
2021-03-15 11:00:00,3.200000000009313
2021-03-15 12:00:00,3.210000000009313
2021-03-15 13:00:00,3.200000000009313
2021-03-15 14:00:00,3.160000000009313
2021-03-15 15:00:00,3.190000000009313
2021-03-15 16:00:00,3.250000000009313
2021-03-15 17:00:00,3.270000000009313
2021-03-15 18:00:00,3.2800000000093132
2021-03-15 19:00:00,3.290000000009313
2021-03-15 20:00:00,3.3600000000093133
2021-03-15 21:00:00,3.310000000009313
2021-03-15 22:00:00,3.350000000009313
2021-03-15 23:00:00,3.390000000009313
2021-03-16 00:00:00,3.410000000009313
2021-03-16 01:00:00,3.430000000009313
2021-03-16 02:00:00,3.5100000000093132
2021-03-16 03:00:00,3.4000000000093134
2021-03-16 04:00:00,3.4000000000093134
2021-03-16 05:00:00,3.450000000009313
2021-03-16 06:00:00,3.470000000009313
2021-03-16 07:00:00,3.390000000009313
2021-03-16 08:00:00,3.410000000009313
2021-03-16 09:00:00,3.370000000009313
2021-03-16 10:00:00,3.330000000009313
2021-03-16 11:00:00,3.350000000009313
2021-03-16 12:00:00,3.330000000009313
2021-03-16 13:00:00,3.350000000009313
2021-03-16 14:00:00,3.350000000009313
2021-03-16 15:00:00,3.3400000000093133
2021-03-16 16:00:00,3.290000000009313
2021-03-16 17:00:00,3.310000000009313
2021-03-16 18:00:00,3.3200000000093133
2021-03-16 19:00:00,3.3000000000093133
2021-03-16 20:00:00,3.250000000009313
2021-03-16 21:00:00,3.290000000009313
2021-03-16 22:00:00,3.3400000000093133
2021-03-16 23:00:00,3.3000000000093133
2021-03-17 00:00:00,3.310000000009313
2021-03-17 01:00:00,3.310000000009313
2021-03-17 02:00:00,3.270000000009313
2021-03-17 03:00:00,3.3400000000093133
2021-03-17 04:00:00,3.3400000000093133
2021-03-17 05:00:00,3.3200000000093133
2021-03-17 06:00:00,3.3400000000093133
2021-03-17 07:00:00,3.3800000000093133
2021-03-17 08:00:00,3.4000000000093134
2021-03-17 09:00:00,3.370000000009313
2021-03-17 10:00:00,3.3800000000093133
2021-03-17 11:00:00,3.390000000009313
2021-03-17 12:00:00,3.430000000009313
2021-03-17 13:00:00,3.480000000009313
2021-03-17 14:00:00,3.470000000009313
2021-03-17 15:00:00,3.480000000009313
2021-03-17 16:00:00,3.520000000009313
2021-03-17 17:00:00,3.5300000000093132
2021-03-17 18:00:00,3.5100000000093132
2021-03-17 19:00:00,3.540000000009313
2021-03-17 20:00:00,3.540000000009313
2021-03-17 21:00:00,3.560000000009313
2021-03-17 22:00:00,3.580000000009313
2021-03-17 23:00:00,3.560000000009313
2021-03-18 00:00:00,3.600000000009313
2021-03-18 01:00:00,3.5900000000093133
2021-03-18 02:00:00,3.6100000000093133
2021-03-18 03:00:00,3.640000000009313
2021-03-18 04:00:00,3.620000000009313
2021-03-18 05:00:00,3.640000000009313
2021-03-18 06:00:00,3.6300000000093133
2021-03-18 07:00:00,3.6300000000093133
2021-03-18 08:00:00,3.6300000000093133
2021-03-18 09:00:00,3.6300000000093133
2021-03-18 10:00:00,3.600000000009313
2021-03-18 11:00:00,3.580000000009313
2021-03-18 12:00:00,3.6100000000093133
2021-03-18 13:00:00,3.580000000009313
2021-03-18 14:00:00,3.620000000009313
2021-03-18 15:00:00,3.580000000009313
2021-03-18 16:00:00,3.580000000009313
2021-03-18 17:00:00,3.580000000009313
2021-03-18 18:00:00,3.5500000000093133
2021-03-18 19:00:00,3.5500000000093133
2021-03-18 20:00:00,3.540000000009313
2021-03-18 21:00:00,3.520000000009313
2021-03-18 22:00:00,3.5100000000093132
2021-03-18 23:00:00,3.520000000009313
2021-03-19 00:00:00,3.500000000009313
2021-03-19 01:00:00,3.480000000009313
2021-03-19 02:00:00,3.540000000009313
2021-03-19 03:00:00,3.5300000000093132
2021-03-19 04:00:00,3.520000000009313
2021-03-19 05:00:00,3.500000000009313
2021-03-19 06:00:00,3.500000000009313
2021-03-19 07:00:00,3.440000000009313
2021-03-19 08:00:00,3.440000000009313
2021-03-19 09:00:00,3.480000000009313
2021-03-19 10:00:00,3.490000000009313
2021-03-19 11:00:00,3.500000000009313
2021-03-19 12:00:00,3.540000000009313
2021-03-19 13:00:00,3.520000000009313
2021-03-19 14:00:00,3.5100000000093132
2021-03-19 15:00:00,3.500000000009313
2021-03-19 16:00:00,3.500000000009313
2021-03-19 17:00:00,3.5100000000093132
2021-03-19 18:00:00,3.540000000009313
2021-03-19 19:00:00,3.5100000000093132
2021-03-19 20:00:00,3.5300000000093132
2021-03-19 21:00:00,3.490000000009313
2021-03-19 22:00:00,3.500000000009313
2021-03-19 23:00:00,3.480000000009313
2021-03-20 00:00:00,3.470000000009313
2021-03-20 01:00:00,3.500000000009313
2021-03-20 02:00:00,3.440000000009313
2021-03-20 03:00:00,3.480000000009313
2021-03-20 04:00:00,3.450000000009313
2021-03-20 05:00:00,3.4200000000093134
2021-03-20 06:00:00,3.470000000009313
2021-03-20 07:00:00,3.460000000009313
2021-03-20 08:00:00,3.460000000009313
2021-03-20 09:00:00,3.460000000009313
2021-03-20 10:00:00,3.430000000009313
2021-03-20 11:00:00,3.4000000000093134
2021-03-20 12:00:00,3.3600000000093133
2021-03-20 13:00:00,3.350000000009313
2021-03-20 14:00:00,3.3000000000093133
2021-03-20 15:00:00,3.290000000009313
2021-03-20 16:00:00,3.210000000009313
2021-03-20 17:00:00,3.220000000009313
2021-03-20 18:00:00,3.190000000009313
2021-03-20 19:00:00,3.230000000009313
2021-03-20 20:00:00,3.210000000009313
2021-03-20 21:00:00,3.200000000009313
2021-03-20 22:00:00,3.1700000000093134
2021-03-20 23:00:00,3.190000000009313
2021-03-21 00:00:00,3.160000000009313
2021-03-21 01:00:00,3.180000000009313
2021-03-21 02:00:00,3.190000000009313
2021-03-21 03:00:00,3.140000000009313
2021-03-21 04:00:00,3.150000000009313
2021-03-21 05:00:00,3.190000000009313
2021-03-21 06:00:00,3.0900000000093133
2021-03-21 07:00:00,3.100000000009313
2021-03-21 08:00:00,3.1100000000093133
2021-03-21 09:00:00,3.080000000009313
2021-03-21 10:00:00,3.0700000000093133
2021-03-21 11:00:00,3.0700000000093133
2021-03-21 12:00:00,3.100000000009313
2021-03-21 13:00:00,3.120000000009313
2021-03-21 14:00:00,3.1700000000093134
2021-03-21 15:00:00,3.1700000000093134
2021-03-21 16:00:00,3.200000000009313
2021-03-21 17:00:00,3.230000000009313
2021-03-21 18:00:00,3.180000000009313
2021-03-21 19:00:00,3.200000000009313
2021-03-21 20:00:00,3.200000000009313
2021-03-21 21:00:00,3.210000000009313
2021-03-21 22:00:00,3.220000000009313
2021-03-21 23:00:00,3.230000000009313
2021-03-22 00:00:00,3.210000000009313
2021-03-22 01:00:00,3.200000000009313
2021-03-22 02:00:00,3.200000000009313
2021-03-22 03:00:00,3.250000000009313
2021-03-22 04:00:00,3.290000000009313
2021-03-22 05:00:00,3.310000000009313
2021-03-22 06:00:00,3.390000000009313
2021-03-22 07:00:00,3.430000000009313
2021-03-22 08:00:00,3.450000000009313
2021-03-22 09:00:00,3.470000000009313
2021-03-22 10:00:00,3.470000000009313
2021-03-22 11:00:00,3.480000000009313
2021-03-22 12:00:00,3.470000000009313
2021-03-22 13:00:00,3.460000000009313
2021-03-22 14:00:00,3.440000000009313
2021-03-22 15:00:00,3.470000000009313
2021-03-22 16:00:00,3.4200000000093134
2021-03-22 17:00:00,3.410000000009313
2021-03-22 18:00:00,3.4200000000093134
2021-03-22 19:00:00,3.440000000009313
2021-03-22 20:00:00,3.450000000009313
2021-03-22 21:00:00,3.440000000009313
2021-03-22 22:00:00,3.460000000009313
2021-03-22 23:00:00,3.480000000009313
2021-03-23 00:00:00,3.500000000009313
2021-03-23 01:00:00,3.430000000009313
2021-03-23 02:00:00,3.430000000009313
